insert into user_account (id, email, nickname, user_id, user_password, memo, created_at, created_by, modified_at, modified_by) values (1, 'dsultana0@washingtonpost.com', 'OIIP', 'Villager', '#929a85', 'Quisque porta volutpat erat.', '2022-12-30 19:41:06', 'Rafaellle', '2023-04-20 21:13:11', 'Dugald');
insert into user_account (id, email, nickname, user_id, user_password, memo, created_at, created_by, modified_at, modified_by) values (2, 'tscardifield1@noaa.gov', 'SGLV', 'Laser', '#d800dc', 'Phasellus sit amet erat. Nulla tempus.', '2023-04-21 15:06:11', 'Meagan', '2022-11-29 14:44:49', 'Teresita');
insert into user_account (id, email, nickname, user_id, user_password, memo, created_at, created_by, modified_at, modified_by) values (3, 'jroma2@cocolog-nifty.com', 'WAWP', 'Town Car', '#094984', 'Curabitur in libero ut massa volutpat convallis. Morbi odio odio, elementum eu, interdum eu, tincidunt in, leo.', '2023-01-20 04:32:28', 'Reba', '2023-04-04 08:36:21', 'Joella');
insert into user_account (id, email, nickname, user_id, user_password, memo, created_at, created_by, modified_at, modified_by) values (4, 'vfinnan3@bandcamp.com', 'FMSN', 'Highlander', '#426843', 'Suspendisse accumsan tortor quis turpis. Sed ante.', '2023-05-04 02:24:49', 'Joya', '2022-09-12 00:33:11', 'Viviyan');
insert into user_account (id, email, nickname, user_id, user_password, memo, created_at, created_by, modified_at, modified_by) values (5, 'uhyman4@fastcompany.com', 'ENRY', 'Sierra 1500', '#742a96', 'In congue.', '2022-09-24 10:58:54', 'Baron', '2022-12-08 07:05:59', 'Ulises');
insert into user_account (id, email, nickname, user_id, user_password, memo, created_at, created_by, modified_at, modified_by) values (6, 'tcockarill5@theguardian.com', 'UNSS', 'IS F', '#519ba5', 'In blandit ultrices enim.', '2022-11-16 04:35:12', 'Elaina', '2023-05-23 04:44:56', 'Thornton');
insert into user_account (id, email, nickname, user_id, user_password, memo, created_at, created_by, modified_at, modified_by) values (7, 'edenzilow6@apache.org', 'MUKW', 'Suburban 2500', '#529b96', 'Nam nulla. Integer pede justo, lacinia eget, tincidunt eget, tempus vel, pede.', '2023-01-12 22:27:28', 'Vance', '2022-11-14 08:14:05', 'Ellyn');
insert into user_account (id, email, nickname, user_id, user_password, memo, created_at, created_by, modified_at, modified_by) values (8, 'fzaple7@sogou.com', 'EDDB', 'Continental Mark VII', '#6987d1', 'Nulla ac enim.', '2023-05-08 22:46:54', 'Brigida', '2023-06-12 00:52:10', 'Florencia');
insert into user_account (id, email, nickname, user_id, user_password, memo, created_at, created_by, modified_at, modified_by) values (9, 'dkitchaside8@netscape.com', 'YSPT', 'Intrigue', '#81540f', 'Aenean fermentum. Donec ut mauris eget massa tempor convallis.', '2022-10-14 07:31:51', 'Ogdon', '2022-09-20 19:17:09', 'Deena');
insert into user_account (id, email, nickname, user_id, user_password, memo, created_at, created_by, modified_at, modified_by) values (10, 'ktwitty9@mozilla.com', 'YMOR', 'S70', '#7945b8', 'Aliquam sit amet diam in magna bibendum imperdiet.', '2023-07-03 06:01:05', 'Ofilia', '2023-06-17 06:12:39', 'Kimball');
insert into user_account (id, email, nickname, user_id, user_password, memo, created_at, created_by, modified_at, modified_by) values (11, 'sbusta@twitter.com', 'AGGR', 'Diablo', '#7581ae', 'Quisque arcu libero, rutrum ac, lobortis vel, dapibus at, diam. Nam tristique tortor eu pede.', '2022-09-10 15:49:09', 'Caren', '2023-08-21 11:45:17', 'Stephenie');
insert into user_account (id, email, nickname, user_id, user_password, memo, created_at, created_by, modified_at, modified_by) values (12, 'vwolveyb@google.co.uk', 'FYSS', 'Range Rover', '#a1e9df', 'Praesent blandit lacinia erat. Vestibulum sed magna at nunc commodo placerat.', '2023-02-03 07:27:13', 'Yuri', '2023-09-03 22:42:42', 'Velma');
insert into user_account (id, email, nickname, user_id, user_password, memo, created_at, created_by, modified_at, modified_by) values (13, 'akasperc@github.io', 'NGTA', 'Miata MX-5', '#ec1aea', 'Donec dapibus.', '2023-08-23 01:21:16', 'Lucine', '2023-05-22 08:37:36', 'Asia');
insert into user_account (id, email, nickname, user_id, user_password, memo, created_at, created_by, modified_at, modified_by) values (14, 'bappleyardd@latimes.com', 'SDPW', 'LeMans', '#25cd99', 'Suspendisse potenti.', '2022-09-20 13:15:18', 'Rose', '2023-08-08 00:51:33', 'Bibbye');
insert into user_account (id, email, nickname, user_id, user_password, memo, created_at, created_by, modified_at, modified_by) values (15, 'iolyunine@geocities.com', 'UNSS', 'Raider', '#00b606', 'Nunc rhoncus dui vel sem. Sed sagittis.', '2023-06-06 10:30:39', 'Tova', '2023-02-05 09:45:30', 'Izak');
insert into user_account (id, email, nickname, user_id, user_password, memo, created_at, created_by, modified_at, modified_by) values (16, 'dboudaf@state.tx.us', 'ZUYB', 'Mark VIII', '#162e08', 'Donec ut dolor. Morbi vel lectus in quam fringilla rhoncus.', '2023-01-16 07:21:05', 'Eveleen', '2023-09-08 17:56:59', 'Durant');
insert into user_account (id, email, nickname, user_id, user_password, memo, created_at, created_by, modified_at, modified_by) values (17, 'oileyg@creativecommons.org', 'ZSSM', 'Beretta', '#c92559', 'In hac habitasse platea dictumst.', '2022-09-10 11:04:33', 'Latisha', '2023-01-29 01:46:48', 'Opaline');
insert into user_account (id, email, nickname, user_id, user_password, memo, created_at, created_by, modified_at, modified_by) values (18, 'ttownshendh@edublogs.org', 'FQLC', 'XC70', '#e96c62', 'Integer ac leo.', '2023-07-27 12:49:26', 'Lulu', '2023-05-09 04:33:18', 'Tara');
insert into user_account (id, email, nickname, user_id, user_password, memo, created_at, created_by, modified_at, modified_by) values (19, 'dquaifei@npr.org', 'DISS', 'Avalon', '#dbb29f', 'Nulla ut erat id mauris vulputate elementum. Nullam varius.', '2023-08-17 06:13:18', 'Nicol', '2023-05-17 09:48:06', 'Daphna');
insert into user_account (id, email, nickname, user_id, user_password, memo, created_at, created_by, modified_at, modified_by) values (20, 'asimonotj@google.pl', 'MPDA', 'S80', '#7b8bf8', 'In tempor, turpis nec euismod scelerisque, quam turpis adipiscing lorem, vitae mattis nibh ligula nec sem. Duis aliquam convallis nunc.', '2023-07-16 22:52:01', 'Allen', '2023-06-30 18:09:27', 'Arie');
insert into user_account (id, email, nickname, user_id, user_password, memo, created_at, created_by, modified_at, modified_by) values (21, 'fsallank@squidoo.com', 'KEWR', 'Contour', '#79f210', 'Integer non velit.', '2023-03-18 18:58:09', 'Donny', '2023-01-21 06:19:36', 'Foss');
insert into user_account (id, email, nickname, user_id, user_password, memo, created_at, created_by, modified_at, modified_by) values (22, 'raugustusl@addtoany.com', 'YCBE', 'Loyale', '#caf1e9', 'Integer ac leo. Pellentesque ultrices mattis odio.', '2023-08-20 04:27:05', 'Gerda', '2023-03-14 01:15:52', 'Raven');
insert into user_account (id, email, nickname, user_id, user_password, memo, created_at, created_by, modified_at, modified_by) values (23, 'cinkpinm@reference.com', 'AYAQ', 'Jimmy', '#9db974', 'Curabitur convallis. Duis consequat dui nec nisi volutpat eleifend.', '2023-01-23 17:11:35', 'Virginie', '2022-11-01 06:45:40', 'Christophorus');
insert into user_account (id, email, nickname, user_id, user_password, memo, created_at, created_by, modified_at, modified_by) values (24, 'alawdhamn@shutterfly.com', 'FMNC', 'Rondo', '#07124d', 'Morbi ut odio.', '2023-04-20 09:46:28', 'Jerrold', '2023-08-25 09:50:46', 'Angeli');
insert into user_account (id, email, nickname, user_id, user_password, memo, created_at, created_by, modified_at, modified_by) values (25, 'knottinghamo@vinaora.com', 'OETF', '928', '#e6eb90', 'Etiam justo.', '2022-11-01 10:44:26', 'Elwood', '2023-02-10 17:45:19', 'Keene');
insert into user_account (id, email, nickname, user_id, user_password, memo, created_at, created_by, modified_at, modified_by) values (26, 'rscothornp@amazon.co.uk', 'YDRA', '911', '#8ca0f3', 'Etiam pretium iaculis justo.', '2022-12-03 02:42:35', 'Cheri', '2023-07-15 04:54:37', 'Reiko');
insert into user_account (id, email, nickname, user_id, user_password, memo, created_at, created_by, modified_at, modified_by) values (27, 'cvigoursq@nps.gov', 'CYFB', 'Freestar', '#4a419e', 'Nulla ac enim. In tempor, turpis nec euismod scelerisque, quam turpis adipiscing lorem, vitae mattis nibh ligula nec sem.', '2022-10-13 06:01:14', 'Ettie', '2023-02-05 15:20:18', 'Christian');
insert into user_account (id, email, nickname, user_id, user_password, memo, created_at, created_by, modified_at, modified_by) values (28, 'rantoniottiir@bluehost.com', 'CYDL', 'Jetta III', '#03a9c9', 'Sed vel enim sit amet nunc viverra dapibus.', '2023-04-07 06:58:39', 'Amalie', '2022-11-12 12:09:08', 'Rheta');
insert into user_account (id, email, nickname, user_id, user_password, memo, created_at, created_by, modified_at, modified_by) values (29, 'rcroziers@walmart.com', 'KAUM', 'Accord', '#e061b3', 'Vestibulum quam sapien, varius ut, blandit non, interdum in, ante.', '2023-09-05 16:02:57', 'Kelci', '2023-02-18 18:13:56', 'Rhiamon');
insert into user_account (id, email, nickname, user_id, user_password, memo, created_at, created_by, modified_at, modified_by) values (30, 'ralesbrookt@squarespace.com', 'YSOL', 'Silverado 1500', '#52ed21', 'Maecenas rhoncus aliquam lacus.', '2022-09-09 01:43:52', 'Lanny', '2023-08-08 05:32:29', 'Richart');
insert into user_account (id, email, nickname, user_id, user_password, memo, created_at, created_by, modified_at, modified_by) values (31, 'sivanshintsevu@buzzfeed.com', 'DAOL', 'Cayman', '#4d080c', 'Proin risus.', '2023-04-06 13:02:31', 'Dion', '2022-10-16 23:00:23', 'Sharleen');
insert into user_account (id, email, nickname, user_id, user_password, memo, created_at, created_by, modified_at, modified_by) values (32, 'creedayv@sourceforge.net', 'LIBR', 'Tacoma', '#9ea670', 'In hac habitasse platea dictumst. Etiam faucibus cursus urna.', '2023-05-21 21:54:32', 'Nevil', '2023-03-28 19:15:19', 'Cloe');
insert into user_account (id, email, nickname, user_id, user_password, memo, created_at, created_by, modified_at, modified_by) values (33, 'wspoolew@tiny.cc', 'AYTI', 'Camry Hybrid', '#1dd39f', 'Duis bibendum.', '2023-07-29 23:16:40', 'Marika', '2023-02-10 06:02:13', 'Wallas');
insert into user_account (id, email, nickname, user_id, user_password, memo, created_at, created_by, modified_at, modified_by) values (34, 'rastlettx@sohu.com', 'KCCY', 'Blazer', '#c6788c', 'Nulla justo. Aliquam quis turpis eget elit sodales scelerisque.', '2022-09-20 14:53:20', 'Payton', '2023-08-26 10:39:13', 'Reed');
insert into user_account (id, email, nickname, user_id, user_password, memo, created_at, created_by, modified_at, modified_by) values (35, 'ashinefieldy@skyrock.com', 'OINZ', 'X6', '#5ffa7a', 'Suspendisse accumsan tortor quis turpis.', '2022-10-08 23:55:40', 'Padriac', '2023-06-13 05:17:54', 'Adriaens');
insert into user_account (id, email, nickname, user_id, user_password, memo, created_at, created_by, modified_at, modified_by) values (36, 'kchittendenz@hibu.com', 'NVVQ', 'Montana', '#f2a8ec', 'In hac habitasse platea dictumst.', '2023-05-03 01:34:52', 'Matthiew', '2023-06-29 22:48:28', 'Killian');
insert into user_account (id, email, nickname, user_id, user_password, memo, created_at, created_by, modified_at, modified_by) values (37, 'cgrunwald10@army.mil', 'WAWT', 'Passport', '#9dee54', 'Integer pede justo, lacinia eget, tincidunt eget, tempus vel, pede.', '2023-03-29 18:27:07', 'Thom', '2022-12-17 16:40:08', 'Clem');
insert into user_account (id, email, nickname, user_id, user_password, memo, created_at, created_by, modified_at, modified_by) values (38, 'kjoicey11@google.com', 'AYTW', 'Arnage', '#7e0679', 'Nam dui. Proin leo odio, porttitor id, consequat in, consequat ut, nulla.', '2023-07-26 15:06:34', 'Kain', '2023-03-07 05:01:20', 'Karlen');
insert into user_account (id, email, nickname, user_id, user_password, memo, created_at, created_by, modified_at, modified_by) values (39, 'kluggar12@smh.com.au', 'KOKV', 'E-Series', '#863774', 'Vestibulum ante ipsum primis in faucibus orci luctus et ultrices posuere cubilia Curae; Donec pharetra, magna vestibulum aliquet ultrices, erat tortor sollicitudin mi, sit amet lobortis sapien sapien non mi. Integer ac neque.', '2022-12-29 03:17:36', 'Karissa', '2023-08-16 23:12:37', 'Kimbra');
insert into user_account (id, email, nickname, user_id, user_password, memo, created_at, created_by, modified_at, modified_by) values (40, 'fskarr13@gov.uk', 'MMMT', 'Range Rover', '#5e24e7', 'In hac habitasse platea dictumst.', '2023-08-03 13:23:18', 'Dahlia', '2022-09-19 22:25:40', 'Fowler');
insert into user_account (id, email, nickname, user_id, user_password, memo, created_at, created_by, modified_at, modified_by) values (41, 'bcucinotta14@hostgator.com', 'VVPQ', 'Range Rover', '#6c07a3', 'Morbi non quam nec dui luctus rutrum.', '2023-01-20 20:17:56', 'Sher', '2023-01-25 14:28:37', 'Brandtr');
insert into user_account (id, email, nickname, user_id, user_password, memo, created_at, created_by, modified_at, modified_by) values (42, 'bmaggorini15@census.gov', 'CYQI', 'Sedona', '#8ee2a1', 'In hac habitasse platea dictumst. Maecenas ut massa quis augue luctus tincidunt.', '2023-08-11 02:30:14', 'Merrill', '2022-12-07 19:49:24', 'Bruno');
insert into user_account (id, email, nickname, user_id, user_password, memo, created_at, created_by, modified_at, modified_by) values (43, 'dtew16@reverbnation.com', 'CYNH', 'A6', '#68f256', 'Etiam pretium iaculis justo. In hac habitasse platea dictumst.', '2022-12-10 19:12:22', 'Sal', '2023-05-01 00:02:05', 'Davidson');
insert into user_account (id, email, nickname, user_id, user_password, memo, created_at, created_by, modified_at, modified_by) values (44, 'ohenri17@cornell.edu', 'DIYO', 'Silverado', '#51dba0', 'Aenean sit amet justo.', '2023-04-19 22:37:14', 'Averil', '2023-04-10 05:07:22', 'Odessa');
insert into user_account (id, email, nickname, user_id, user_password, memo, created_at, created_by, modified_at, modified_by) values (45, 'kpennrington18@columbia.edu', '3C8', 'GX', '#7fd503', 'Aenean sit amet justo. Morbi ut odio.', '2023-08-07 14:47:25', 'Frazer', '2022-10-21 13:12:46', 'Keeley');
insert into user_account (id, email, nickname, user_id, user_password, memo, created_at, created_by, modified_at, modified_by) values (46, 'redison19@auda.org.au', 'OIBB', 'Viper', '#18efb7', 'Maecenas ut massa quis augue luctus tincidunt.', '2023-06-27 15:56:51', 'Baxie', '2023-08-26 21:35:58', 'Rosabelle');
insert into user_account (id, email, nickname, user_id, user_password, memo, created_at, created_by, modified_at, modified_by) values (47, 'sdubble1a@dmoz.org', 'CYLD', 'Riviera', '#e7f845', 'Cras mi pede, malesuada in, imperdiet et, commodo vulputate, justo. In blandit ultrices enim.', '2023-04-15 08:24:00', 'Abram', '2022-12-27 21:19:35', 'Sherwood');
insert into user_account (id, email, nickname, user_id, user_password, memo, created_at, created_by, modified_at, modified_by) values (48, 'bmethringham1b@vk.com', 'SLAS', 'CL-Class', '#8a5256', 'Aliquam augue quam, sollicitudin vitae, consectetuer eget, rutrum at, lorem. Integer tincidunt ante vel ipsum.', '2022-12-06 02:15:52', 'Katti', '2023-08-13 00:19:43', 'Bari');
insert into user_account (id, email, nickname, user_id, user_password, memo, created_at, created_by, modified_at, modified_by) values (49, 'aculvey1c@usda.gov', 'CYBQ', 'Town & Country', '#af28e1', 'Suspendisse ornare consequat lectus. In est risus, auctor sed, tristique in, tempus sit amet, sem.', '2022-09-12 18:38:52', 'Claudie', '2023-03-10 04:55:16', 'Alric');
insert into user_account (id, email, nickname, user_id, user_password, memo, created_at, created_by, modified_at, modified_by) values (50, 'slody1d@themeforest.net', 'BIPA', 'IS', '#aafc3b', 'Nulla ac enim.', '2023-05-20 20:57:30', 'Simonne', '2023-06-29 11:32:26', 'Shelton');


insert into article (id, title, content, hashtag, user_account_id, created_by, modified_by, created_at, modified_at) values (1, 'consequat ut nulla sed accumsan felis ut', 'Sed sagittis. Nam congue, risus semper porta volutpat, quam pede lobortis ligula, sit amet eleifend pede libero quis orci. Nullam molestie nibh in lectus.', null, 39, 'Cherish', 'Neil', '2022-09-11 18:46:16', '2022-10-22 21:46:06');
insert into article (id, title, content, hashtag, user_account_id, created_by, modified_by, created_at, modified_at) values (2, 'eget semper rutrum nulla nunc purus phasellus', 'Suspendisse potenti. In eleifend quam a odio. In hac habitasse platea dictumst.', null, 41, 'Kippy', 'Delila', '2022-11-23 22:22:56', '2023-05-24 08:48:29');
insert into article (id, title, content, hashtag, user_account_id, created_by, modified_by, created_at, modified_at) values (3, 'rhoncus sed vestibulum sit amet', 'Praesent blandit. Nam nulla. Integer pede justo, lacinia eget, tincidunt eget, tempus vel, pede.', 'Khaki', 46, 'Jenilee', 'Raye', '2023-04-16 11:37:29', '2022-11-17 15:28:42');
insert into article (id, title, content, hashtag, user_account_id, created_by, modified_by, created_at, modified_at) values (4, 'augue luctus tincidunt nulla mollis', 'Aenean fermentum. Donec ut mauris eget massa tempor convallis. Nulla neque libero, convallis eget, eleifend luctus, ultricies eu, nibh.', 'Mauv', 48, 'Rori', 'Raeann', '2023-02-22 07:14:12', '2023-03-12 00:20:37');
insert into article (id, title, content, hashtag, user_account_id, created_by, modified_by, created_at, modified_at) values (5, 'ornare imperdiet sapien urna', 'In hac habitasse platea dictumst. Morbi vestibulum, velit id pretium iaculis, diam erat fermentum justo, nec condimentum neque sapien placerat ante. Nulla justo.', 'Fuscia', 30, 'Raphael', 'Nadeen', '2022-10-26 12:08:40', '2023-02-22 07:13:09');
insert into article (id, title, content, hashtag, user_account_id, created_by, modified_by, created_at, modified_at) values (6, 'amet nulla quisque arcu', 'Curabitur gravida nisi at nibh. In hac habitasse platea dictumst. Aliquam augue quam, sollicitudin vitae, consectetuer eget, rutrum at, lorem.', null, 11, 'Bernardine', 'Pennie', '2022-12-15 15:51:16', '2023-06-09 21:55:23');
insert into article (id, title, content, hashtag, user_account_id, created_by, modified_by, created_at, modified_at) values (7, 'vivamus metus arcu adipiscing molestie hendrerit at', 'Duis consequat dui nec nisi volutpat eleifend. Donec ut dolor. Morbi vel lectus in quam fringilla rhoncus.', null, 31, 'Cherish', 'Fernando', '2023-04-24 23:44:46', '2022-09-03 18:55:22');
insert into article (id, title, content, hashtag, user_account_id, created_by, modified_by, created_at, modified_at) values (8, 'nulla tellus in sagittis dui vel nisl', 'In congue. Etiam justo. Etiam pretium iaculis justo.', 'Khaki', 14, 'Davina', 'Gauthier', '2022-10-14 14:53:10', '2022-11-20 02:56:15');
insert into article (id, title, content, hashtag, user_account_id, created_by, modified_by, created_at, modified_at) values (9, 'lectus in quam fringilla rhoncus mauris enim', 'Fusce posuere felis sed lacus. Morbi sem mauris, laoreet ut, rhoncus aliquet, pulvinar sed, nisl. Nunc rhoncus dui vel sem.', 'Purple', 7, 'Ward', 'Rosella', '2023-04-13 06:15:10', '2022-07-25 05:44:38');
insert into article (id, title, content, hashtag, user_account_id, created_by, modified_by, created_at, modified_at) values (10, 'erat vestibulum sed', 'In hac habitasse platea dictumst. Morbi vestibulum, velit id pretium iaculis, diam erat fermentum justo, nec condimentum neque sapien placerat ante. Nulla justo.', null, 43, 'Al', 'Worth', '2023-02-20 08:13:41', '2022-08-03 05:56:22');
insert into article (id, title, content, hashtag, user_account_id, created_by, modified_by, created_at, modified_at) values (11, 'leo odio condimentum id luctus nec', 'Fusce posuere felis sed lacus. Morbi sem mauris, laoreet ut, rhoncus aliquet, pulvinar sed, nisl. Nunc rhoncus dui vel sem.', 'Pink', 31, 'Victoir', 'Abagail', '2022-07-02 02:36:39', '2022-08-28 15:41:41');
insert into article (id, title, content, hashtag, user_account_id, created_by, modified_by, created_at, modified_at) values (12, 'justo eu massa donec dapibus', 'Maecenas leo odio, condimentum id, luctus nec, molestie sed, justo. Pellentesque viverra pede ac diam. Cras pellentesque volutpat dui.', 'Aquamarine', 24, 'Mercy', 'Faustina', '2023-01-28 19:07:57', '2022-10-25 22:45:42');
insert into article (id, title, content, hashtag, user_account_id, created_by, modified_by, created_at, modified_at) values (13, 'felis donec semper sapien a libero', 'Curabitur gravida nisi at nibh. In hac habitasse platea dictumst. Aliquam augue quam, sollicitudin vitae, consectetuer eget, rutrum at, lorem.', 'Mauv', 5, 'Pansie', 'Erin', '2022-12-20 18:41:38', '2022-08-01 01:39:05');
insert into article (id, title, content, hashtag, user_account_id, created_by, modified_by, created_at, modified_at) values (14, 'habitasse platea dictumst maecenas ut', 'Duis bibendum, felis sed interdum venenatis, turpis enim blandit mi, in porttitor pede justo eu massa. Donec dapibus. Duis at velit eu est congue elementum.', 'Orange', 9, 'Kali', 'Eugenie', '2023-05-19 23:29:26', '2023-03-12 22:06:40');
insert into article (id, title, content, hashtag, user_account_id, created_by, modified_by, created_at, modified_at) values (15, 'eleifend luctus ultricies eu nibh', 'Lorem ipsum dolor sit amet, consectetuer adipiscing elit. Proin risus. Praesent lectus.', 'Maroon', 26, 'Judye', 'Eugine', '2022-12-25 20:27:47', '2022-12-10 21:49:09');
insert into article (id, title, content, hashtag, user_account_id, created_by, modified_by, created_at, modified_at) values (16, 'pellentesque ultrices mattis', 'In quis justo. Maecenas rhoncus aliquam lacus. Morbi quis tortor id nulla ultrices aliquet.', 'Crimson', 41, 'Moll', 'Klarika', '2022-07-06 08:06:46', '2023-06-10 21:57:48');
insert into article (id, title, content, hashtag, user_account_id, created_by, modified_by, created_at, modified_at) values (17, 'quam sapien varius ut blandit', 'Maecenas leo odio, condimentum id, luctus nec, molestie sed, justo. Pellentesque viverra pede ac diam. Cras pellentesque volutpat dui.', 'Maroon', 12, 'Barry', 'Olva', '2023-01-07 07:09:56', '2023-05-25 23:00:04');
insert into article (id, title, content, hashtag, user_account_id, created_by, modified_by, created_at, modified_at) values (18, 'massa tempor convallis nulla neque libero convallis', 'Integer tincidunt ante vel ipsum. Praesent blandit lacinia erat. Vestibulum sed magna at nunc commodo placerat.', 'Turquoise', 11, 'Beth', 'Jacquelin', '2023-05-07 23:06:00', '2022-08-29 07:35:01');
insert into article (id, title, content, hashtag, user_account_id, created_by, modified_by, created_at, modified_at) values (19, 'libero rutrum ac lobortis vel dapibus', 'Curabitur in libero ut massa volutpat convallis. Morbi odio odio, elementum eu, interdum eu, tincidunt in, leo. Maecenas pulvinar lobortis est.', 'Crimson', 48, 'Roze', 'Thedric', '2023-04-19 18:51:48', '2022-11-09 20:25:07');
insert into article (id, title, content, hashtag, user_account_id, created_by, modified_by, created_at, modified_at) values (20, 'interdum mauris ullamcorper', 'Suspendisse potenti. In eleifend quam a odio. In hac habitasse platea dictumst.', null, 43, 'Cyrus', 'Alverta', '2023-03-08 08:23:54', '2022-08-31 12:45:39');
insert into article (id, title, content, hashtag, user_account_id, created_by, modified_by, created_at, modified_at) values (21, 'pulvinar nulla pede ullamcorper augue a', 'Sed sagittis. Nam congue, risus semper porta volutpat, quam pede lobortis ligula, sit amet eleifend pede libero quis orci. Nullam molestie nibh in lectus.', 'Fuscia', 50, 'Christian', 'Gaston', '2022-12-16 12:55:58', '2022-07-15 04:50:58');
insert into article (id, title, content, hashtag, user_account_id, created_by, modified_by, created_at, modified_at) values (22, 'sed accumsan felis ut', 'Aenean lectus. Pellentesque eget nunc. Donec quis orci eget orci vehicula condimentum.', 'Aquamarine', 1, 'Napoleon', 'Shayla', '2023-05-14 10:13:13', '2022-09-11 04:29:53');
insert into article (id, title, content, hashtag, user_account_id, created_by, modified_by, created_at, modified_at) values (23, 'ligula vehicula consequat morbi a ipsum integer', 'Suspendisse potenti. In eleifend quam a odio. In hac habitasse platea dictumst.', 'Teal', 18, 'John', 'Millicent', '2022-08-10 14:23:41', '2023-06-24 00:55:48');
insert into article (id, title, content, hashtag, user_account_id, created_by, modified_by, created_at, modified_at) values (24, 'nisi eu orci', 'Nullam sit amet turpis elementum ligula vehicula consequat. Morbi a ipsum. Integer a nibh.', 'Yellow', 2, 'Karlotta', 'Trista', '2022-12-02 12:22:09', '2022-10-13 05:06:41');
insert into article (id, title, content, hashtag, user_account_id, created_by, modified_by, created_at, modified_at) values (25, 'donec posuere metus', 'Morbi non lectus. Aliquam sit amet diam in magna bibendum imperdiet. Nullam orci pede, venenatis non, sodales sed, tincidunt eu, felis.', 'Purple', 25, 'Alanah', 'Collen', '2022-09-08 19:25:49', '2022-08-12 00:13:34');
insert into article (id, title, content, hashtag, user_account_id, created_by, modified_by, created_at, modified_at) values (26, 'sed accumsan felis', 'Cum sociis natoque penatibus et magnis dis parturient montes, nascetur ridiculus mus. Vivamus vestibulum sagittis sapien. Cum sociis natoque penatibus et magnis dis parturient montes, nascetur ridiculus mus.', 'Yellow', 23, 'Charlton', 'Consolata', '2022-07-30 16:35:31', '2022-10-23 00:35:15');
insert into article (id, title, content, hashtag, user_account_id, created_by, modified_by, created_at, modified_at) values (27, 'leo maecenas pulvinar lobortis', 'Curabitur in libero ut massa volutpat convallis. Morbi odio odio, elementum eu, interdum eu, tincidunt in, leo. Maecenas pulvinar lobortis est.', null, 28, 'Durand', 'Kevin', '2023-06-25 12:19:40', '2023-04-01 07:21:48');
insert into article (id, title, content, hashtag, user_account_id, created_by, modified_by, created_at, modified_at) values (28, 'vel augue vestibulum ante ipsum primis in', 'Fusce consequat. Nulla nisl. Nunc nisl.', 'Orange', 42, 'Maryann', 'Sebastien', '2023-06-06 08:44:24', '2022-09-22 14:50:02');
insert into article (id, title, content, hashtag, user_account_id, created_by, modified_by, created_at, modified_at) values (29, 'est donec odio justo sollicitudin ut', 'Mauris enim leo, rhoncus sed, vestibulum sit amet, cursus id, turpis. Integer aliquet, massa id lobortis convallis, tortor risus dapibus augue, vel accumsan tellus nisi eu orci. Mauris lacinia sapien quis libero.', 'Green', 13, 'Borden', 'Patrica', '2022-09-05 21:45:34', '2023-06-21 21:14:08');
insert into article (id, title, content, hashtag, user_account_id, created_by, modified_by, created_at, modified_at) values (30, 'in purus eu magna vulputate luctus', 'Aenean lectus. Pellentesque eget nunc. Donec quis orci eget orci vehicula condimentum.', 'Blue', 21, 'Birch', 'Fawnia', '2022-10-20 14:26:55', '2022-11-13 00:58:41');
insert into article (id, title, content, hashtag, user_account_id, created_by, modified_by, created_at, modified_at) values (31, 'ultrices enim lorem ipsum dolor sit amet', 'Aenean lectus. Pellentesque eget nunc. Donec quis orci eget orci vehicula condimentum.', 'Orange', 27, 'Benita', 'Riley', '2023-04-02 06:21:44', '2023-05-26 23:00:36');
insert into article (id, title, content, hashtag, user_account_id, created_by, modified_by, created_at, modified_at) values (32, 'ante ipsum primis', 'Vestibulum ac est lacinia nisi venenatis tristique. Fusce congue, diam id ornare imperdiet, sapien urna pretium nisl, ut volutpat sapien arcu sed augue. Aliquam erat volutpat.', 'Fuscia', 38, 'Brina', 'Pancho', '2023-05-30 02:46:24', '2022-08-04 06:59:00');
insert into article (id, title, content, hashtag, user_account_id, created_by, modified_by, created_at, modified_at) values (33, 'condimentum neque sapien placerat ante nulla', 'Proin eu mi. Nulla ac enim. In tempor, turpis nec euismod scelerisque, quam turpis adipiscing lorem, vitae mattis nibh ligula nec sem.', 'Mauv', 11, 'Willi', 'Tasia', '2022-08-16 11:25:22', '2022-09-12 23:55:42');
insert into article (id, title, content, hashtag, user_account_id, created_by, modified_by, created_at, modified_at) values (34, 'ultrices erat tortor sollicitudin mi sit amet', 'Maecenas ut massa quis augue luctus tincidunt. Nulla mollis molestie lorem. Quisque ut erat.', null, 24, 'Shaun', 'Suzann', '2023-05-11 16:15:38', '2022-11-27 20:18:28');
insert into article (id, title, content, hashtag, user_account_id, created_by, modified_by, created_at, modified_at) values (35, 'felis fusce posuere', 'Integer ac leo. Pellentesque ultrices mattis odio. Donec vitae nisi.', null, 6, 'Mellisent', 'Bryn', '2022-09-23 00:44:37', '2023-05-30 15:11:11');
insert into article (id, title, content, hashtag, user_account_id, created_by, modified_by, created_at, modified_at) values (36, 'at turpis donec posuere metus vitae ipsum', 'Fusce consequat. Nulla nisl. Nunc nisl.', null, 27, 'Polly', 'Fin', '2022-12-01 14:09:46', '2022-11-14 09:09:36');
insert into article (id, title, content, hashtag, user_account_id, created_by, modified_by, created_at, modified_at) values (37, 'blandit mi in porttitor pede justo eu', 'Duis consequat dui nec nisi volutpat eleifend. Donec ut dolor. Morbi vel lectus in quam fringilla rhoncus.', 'Turquoise', 16, 'Sibeal', 'Shellysheldon', '2022-10-15 05:34:49', '2023-05-23 11:43:37');
insert into article (id, title, content, hashtag, user_account_id, created_by, modified_by, created_at, modified_at) values (38, 'primis in faucibus orci luctus et ultrices', 'In quis justo. Maecenas rhoncus aliquam lacus. Morbi quis tortor id nulla ultrices aliquet.', 'Khaki', 49, 'Daniel', 'Nikolas', '2022-08-03 08:51:16', '2022-11-21 15:41:06');
insert into article (id, title, content, hashtag, user_account_id, created_by, modified_by, created_at, modified_at) values (39, 'at dolor quis odio consequat', 'Proin interdum mauris non ligula pellentesque ultrices. Phasellus id sapien in sapien iaculis congue. Vivamus metus arcu, adipiscing molestie, hendrerit at, vulputate vitae, nisl.', null, 24, 'Selene', 'Lindsay', '2022-12-10 23:05:48', '2023-02-19 07:44:54');
insert into article (id, title, content, hashtag, user_account_id, created_by, modified_by, created_at, modified_at) values (40, 'ultrices posuere cubilia curae mauris viverra', 'Integer ac leo. Pellentesque ultrices mattis odio. Donec vitae nisi.', 'Mauv', 17, 'Abbey', 'Dunc', '2023-06-01 04:31:23', '2023-05-05 17:43:26');
insert into article (id, title, content, hashtag, user_account_id, created_by, modified_by, created_at, modified_at) values (41, 'auctor gravida sem praesent id massa', 'Lorem ipsum dolor sit amet, consectetuer adipiscing elit. Proin risus. Praesent lectus.', 'Khaki', 12, 'Kimbra', 'Tim', '2022-12-16 00:49:22', '2022-09-04 12:23:42');
insert into article (id, title, content, hashtag, user_account_id, created_by, modified_by, created_at, modified_at) values (42, 'faucibus orci luctus et', 'Cum sociis natoque penatibus et magnis dis parturient montes, nascetur ridiculus mus. Vivamus vestibulum sagittis sapien. Cum sociis natoque penatibus et magnis dis parturient montes, nascetur ridiculus mus.', 'Pink', 7, 'Carlyle', 'Walton', '2023-03-19 14:47:16', '2022-09-10 03:27:22');
insert into article (id, title, content, hashtag, user_account_id, created_by, modified_by, created_at, modified_at) values (43, 'fusce lacus purus aliquet', 'Integer tincidunt ante vel ipsum. Praesent blandit lacinia erat. Vestibulum sed magna at nunc commodo placerat.', 'Pink', 1, 'Cesaro', 'Celeste', '2022-10-31 23:52:43', '2023-06-21 12:26:10');
insert into article (id, title, content, hashtag, user_account_id, created_by, modified_by, created_at, modified_at) values (44, 'rutrum neque aenean auctor gravida', 'Mauris enim leo, rhoncus sed, vestibulum sit amet, cursus id, turpis. Integer aliquet, massa id lobortis convallis, tortor risus dapibus augue, vel accumsan tellus nisi eu orci. Mauris lacinia sapien quis libero.', 'Teal', 28, 'Trisha', 'Trudi', '2023-03-27 08:06:34', '2022-12-23 01:06:21');
insert into article (id, title, content, hashtag, user_account_id, created_by, modified_by, created_at, modified_at) values (45, 'ullamcorper augue a suscipit nulla', 'Vestibulum quam sapien, varius ut, blandit non, interdum in, ante. Vestibulum ante ipsum primis in faucibus orci luctus et ultrices posuere cubilia Curae; Duis faucibus accumsan odio. Curabitur convallis.', 'Orange', 3, 'Wainwright', 'Betsy', '2022-09-11 12:11:59', '2022-12-29 14:09:40');
insert into article (id, title, content, hashtag, user_account_id, created_by, modified_by, created_at, modified_at) values (46, 'cum sociis natoque penatibus', 'Cras non velit nec nisi vulputate nonummy. Maecenas tincidunt lacus at velit. Vivamus vel nulla eget eros elementum pellentesque.', 'Blue', 48, 'Marena', 'Hastings', '2022-07-22 08:48:22', '2023-02-16 04:24:15');
insert into article (id, title, content, hashtag, user_account_id, created_by, modified_by, created_at, modified_at) values (47, 'leo pellentesque ultrices mattis odio donec vitae', 'Maecenas leo odio, condimentum id, luctus nec, molestie sed, justo. Pellentesque viverra pede ac diam. Cras pellentesque volutpat dui.', 'Indigo', 40, 'Marlie', 'Alf', '2022-10-04 13:56:33', '2022-09-07 22:32:30');
insert into article (id, title, content, hashtag, user_account_id, created_by, modified_by, created_at, modified_at) values (48, 'lacinia eget tincidunt eget', 'Maecenas ut massa quis augue luctus tincidunt. Nulla mollis molestie lorem. Quisque ut erat.', 'Orange', 1, 'Leon', 'Hadria', '2022-08-28 07:42:29', '2023-05-22 20:10:24');
insert into article (id, title, content, hashtag, user_account_id, created_by, modified_by, created_at, modified_at) values (49, 'vitae ipsum aliquam non', 'Phasellus sit amet erat. Nulla tempus. Vivamus in felis eu sapien cursus vestibulum.', null, 14, 'Patricio', 'Dee', '2022-09-04 02:07:52', '2022-08-09 19:51:10');
insert into article (id, title, content, hashtag, user_account_id, created_by, modified_by, created_at, modified_at) values (50, 'fusce lacus purus aliquet at feugiat non', 'Sed sagittis. Nam congue, risus semper porta volutpat, quam pede lobortis ligula, sit amet eleifend pede libero quis orci. Nullam molestie nibh in lectus.', 'Red', 5, 'Stanislas', 'Isac', '2023-02-28 12:54:17', '2023-03-27 12:33:17');
insert into article (id, title, content, hashtag, user_account_id, created_by, modified_by, created_at, modified_at) values (51, 'congue etiam justo', 'Cras mi pede, malesuada in, imperdiet et, commodo vulputate, justo. In blandit ultrices enim. Lorem ipsum dolor sit amet, consectetuer adipiscing elit.', 'Puce', 45, 'Carolyne', 'Dominga', '2022-10-20 21:08:17', '2023-02-02 17:25:03');
insert into article (id, title, content, hashtag, user_account_id, created_by, modified_by, created_at, modified_at) values (52, 'amet sem fusce consequat nulla', 'Etiam vel augue. Vestibulum rutrum rutrum neque. Aenean auctor gravida sem.', 'Orange', 48, 'Ginni', 'Corly', '2022-08-23 22:58:09', '2023-05-26 04:38:21');
insert into article (id, title, content, hashtag, user_account_id, created_by, modified_by, created_at, modified_at) values (53, 'libero non mattis pulvinar nulla pede ullamcorper', 'Suspendisse potenti. In eleifend quam a odio. In hac habitasse platea dictumst.', 'Goldenrod', 7, 'Roddy', 'Homerus', '2023-04-05 00:55:03', '2023-06-22 05:40:19');
insert into article (id, title, content, hashtag, user_account_id, created_by, modified_by, created_at, modified_at) values (54, 'curae donec pharetra', 'Fusce posuere felis sed lacus. Morbi sem mauris, laoreet ut, rhoncus aliquet, pulvinar sed, nisl. Nunc rhoncus dui vel sem.', 'Yellow', 25, 'Hubert', 'Hamil', '2023-02-04 14:10:53', '2022-08-26 15:45:28');
insert into article (id, title, content, hashtag, user_account_id, created_by, modified_by, created_at, modified_at) values (55, 'vestibulum proin eu mi', 'Cras mi pede, malesuada in, imperdiet et, commodo vulputate, justo. In blandit ultrices enim. Lorem ipsum dolor sit amet, consectetuer adipiscing elit.', 'Blue', 16, 'Alfred', 'Loy', '2022-09-10 03:45:44', '2022-09-03 07:31:55');
insert into article (id, title, content, hashtag, user_account_id, created_by, modified_by, created_at, modified_at) values (56, 'fringilla rhoncus mauris', 'Integer tincidunt ante vel ipsum. Praesent blandit lacinia erat. Vestibulum sed magna at nunc commodo placerat.', 'Puce', 10, 'David', 'Boothe', '2022-10-31 16:35:55', '2022-10-18 13:23:45');
insert into article (id, title, content, hashtag, user_account_id, created_by, modified_by, created_at, modified_at) values (57, 'tristique est et tempus semper est', 'Curabitur gravida nisi at nibh. In hac habitasse platea dictumst. Aliquam augue quam, sollicitudin vitae, consectetuer eget, rutrum at, lorem.', 'Yellow', 35, 'Catha', 'Gunter', '2023-04-19 16:07:48', '2022-09-04 07:49:03');
insert into article (id, title, content, hashtag, user_account_id, created_by, modified_by, created_at, modified_at) values (58, 'quis tortor id nulla ultrices aliquet maecenas', 'In hac habitasse platea dictumst. Morbi vestibulum, velit id pretium iaculis, diam erat fermentum justo, nec condimentum neque sapien placerat ante. Nulla justo.', 'Aquamarine', 40, 'Alyson', 'Myrah', '2023-05-26 01:45:37', '2023-06-25 04:37:34');
insert into article (id, title, content, hashtag, user_account_id, created_by, modified_by, created_at, modified_at) values (59, 'donec ut dolor morbi vel', 'In hac habitasse platea dictumst. Etiam faucibus cursus urna. Ut tellus.', 'Yellow', 33, 'Vergil', 'Tomasina', '2022-12-08 16:52:52', '2023-05-12 15:55:04');
insert into article (id, title, content, hashtag, user_account_id, created_by, modified_by, created_at, modified_at) values (60, 'rutrum nulla tellus', 'Curabitur at ipsum ac tellus semper interdum. Mauris ullamcorper purus sit amet nulla. Quisque arcu libero, rutrum ac, lobortis vel, dapibus at, diam.', 'Maroon', 32, 'Bird', 'Hewett', '2023-03-01 14:41:59', '2022-10-31 12:53:15');
insert into article (id, title, content, hashtag, user_account_id, created_by, modified_by, created_at, modified_at) values (61, 'dapibus dolor vel est', 'Morbi porttitor lorem id ligula. Suspendisse ornare consequat lectus. In est risus, auctor sed, tristique in, tempus sit amet, sem.', 'Turquoise', 41, 'Charis', 'Jarad', '2022-11-12 22:46:03', '2022-12-12 01:54:56');
insert into article (id, title, content, hashtag, user_account_id, created_by, modified_by, created_at, modified_at) values (62, 'congue etiam justo etiam pretium', 'Phasellus in felis. Donec semper sapien a libero. Nam dui.', 'Green', 34, 'Ros', 'Rubina', '2023-06-18 08:17:10', '2022-11-21 05:26:56');
insert into article (id, title, content, hashtag, user_account_id, created_by, modified_by, created_at, modified_at) values (63, 'pellentesque quisque porta volutpat erat', 'Proin interdum mauris non ligula pellentesque ultrices. Phasellus id sapien in sapien iaculis congue. Vivamus metus arcu, adipiscing molestie, hendrerit at, vulputate vitae, nisl.', 'Mauv', 10, 'Mackenzie', 'Emeline', '2022-09-18 01:07:10', '2022-08-31 10:02:50');
insert into article (id, title, content, hashtag, user_account_id, created_by, modified_by, created_at, modified_at) values (64, 'cum sociis natoque penatibus et magnis', 'Praesent id massa id nisl venenatis lacinia. Aenean sit amet justo. Morbi ut odio.', null, 6, 'Lorrie', 'Harwell', '2023-03-15 00:42:32', '2022-08-01 15:22:20');
insert into article (id, title, content, hashtag, user_account_id, created_by, modified_by, created_at, modified_at) values (65, 'morbi vestibulum velit id pretium iaculis diam', 'Morbi porttitor lorem id ligula. Suspendisse ornare consequat lectus. In est risus, auctor sed, tristique in, tempus sit amet, sem.', 'Blue', 39, 'Alessandra', 'Iver', '2023-02-19 21:35:14', '2022-12-25 06:09:05');
insert into article (id, title, content, hashtag, user_account_id, created_by, modified_by, created_at, modified_at) values (66, 'eget tempus vel pede morbi', 'Cras mi pede, malesuada in, imperdiet et, commodo vulputate, justo. In blandit ultrices enim. Lorem ipsum dolor sit amet, consectetuer adipiscing elit.', 'Maroon', 37, 'Win', 'Johnna', '2022-07-07 13:38:29', '2022-08-29 05:06:14');
insert into article (id, title, content, hashtag, user_account_id, created_by, modified_by, created_at, modified_at) values (67, 'vel nulla eget eros', 'Sed ante. Vivamus tortor. Duis mattis egestas metus.', 'Aquamarine', 35, 'Drusy', 'Ginger', '2022-07-06 20:23:23', '2022-12-25 09:22:23');
insert into article (id, title, content, hashtag, user_account_id, created_by, modified_by, created_at, modified_at) values (68, 'eget semper rutrum nulla nunc purus phasellus', 'Mauris enim leo, rhoncus sed, vestibulum sit amet, cursus id, turpis. Integer aliquet, massa id lobortis convallis, tortor risus dapibus augue, vel accumsan tellus nisi eu orci. Mauris lacinia sapien quis libero.', 'Blue', 12, 'Jeramey', 'Stefania', '2023-02-09 21:00:41', '2023-04-26 22:15:46');
insert into article (id, title, content, hashtag, user_account_id, created_by, modified_by, created_at, modified_at) values (69, 'turpis enim blandit mi in', 'Aenean lectus. Pellentesque eget nunc. Donec quis orci eget orci vehicula condimentum.', 'Pink', 46, 'Rufus', 'Darla', '2023-03-31 10:27:04', '2022-09-12 13:39:29');
insert into article (id, title, content, hashtag, user_account_id, created_by, modified_by, created_at, modified_at) values (70, 'donec semper sapien', 'Aenean fermentum. Donec ut mauris eget massa tempor convallis. Nulla neque libero, convallis eget, eleifend luctus, ultricies eu, nibh.', 'Yellow', 8, 'Nikaniki', 'Micki', '2022-10-03 06:36:39', '2022-12-31 15:39:40');
insert into article (id, title, content, hashtag, user_account_id, created_by, modified_by, created_at, modified_at) values (71, 'erat tortor sollicitudin mi sit amet', 'Mauris enim leo, rhoncus sed, vestibulum sit amet, cursus id, turpis. Integer aliquet, massa id lobortis convallis, tortor risus dapibus augue, vel accumsan tellus nisi eu orci. Mauris lacinia sapien quis libero.', 'Orange', 7, 'Sergent', 'Paxon', '2022-12-07 12:45:24', '2023-02-13 11:59:29');
insert into article (id, title, content, hashtag, user_account_id, created_by, modified_by, created_at, modified_at) values (72, 'duis consequat dui nec nisi', 'In hac habitasse platea dictumst. Etiam faucibus cursus urna. Ut tellus.', null, 9, 'Saxe', 'Petronia', '2022-11-26 22:56:46', '2022-12-03 19:32:03');
insert into article (id, title, content, hashtag, user_account_id, created_by, modified_by, created_at, modified_at) values (73, 'at nulla suspendisse potenti cras in purus', 'Sed sagittis. Nam congue, risus semper porta volutpat, quam pede lobortis ligula, sit amet eleifend pede libero quis orci. Nullam molestie nibh in lectus.', 'Khaki', 30, 'Maurizio', 'Giulio', '2023-06-26 08:04:58', '2023-02-13 21:24:23');
insert into article (id, title, content, hashtag, user_account_id, created_by, modified_by, created_at, modified_at) values (74, 'diam neque vestibulum eget', 'Cras non velit nec nisi vulputate nonummy. Maecenas tincidunt lacus at velit. Vivamus vel nulla eget eros elementum pellentesque.', null, 22, 'Aili', 'Priscilla', '2023-05-31 16:48:50', '2023-03-04 06:25:08');
insert into article (id, title, content, hashtag, user_account_id, created_by, modified_by, created_at, modified_at) values (75, 'quis turpis eget elit', 'Quisque id justo sit amet sapien dignissim vestibulum. Vestibulum ante ipsum primis in faucibus orci luctus et ultrices posuere cubilia Curae; Nulla dapibus dolor vel est. Donec odio justo, sollicitudin ut, suscipit a, feugiat et, eros.', null, 37, 'Quentin', 'Freddie', '2023-03-27 00:55:43', '2022-11-09 00:20:04');
insert into article (id, title, content, hashtag, user_account_id, created_by, modified_by, created_at, modified_at) values (76, 'luctus et ultrices', 'Vestibulum quam sapien, varius ut, blandit non, interdum in, ante. Vestibulum ante ipsum primis in faucibus orci luctus et ultrices posuere cubilia Curae; Duis faucibus accumsan odio. Curabitur convallis.', 'Teal', 35, 'North', 'Boyd', '2022-08-10 12:09:34', '2023-06-20 02:32:04');
insert into article (id, title, content, hashtag, user_account_id, created_by, modified_by, created_at, modified_at) values (77, 'nisi volutpat eleifend donec ut dolor', 'Duis bibendum. Morbi non quam nec dui luctus rutrum. Nulla tellus.', null, 50, 'Annnora', 'Karilynn', '2023-06-13 14:10:53', '2023-01-13 02:41:54');
insert into article (id, title, content, hashtag, user_account_id, created_by, modified_by, created_at, modified_at) values (78, 'enim sit amet nunc viverra dapibus nulla', 'Sed ante. Vivamus tortor. Duis mattis egestas metus.', null, 7, 'Marion', 'Dodi', '2022-09-07 17:45:27', '2023-04-22 15:54:57');
insert into article (id, title, content, hashtag, user_account_id, created_by, modified_by, created_at, modified_at) values (79, 'luctus cum sociis natoque penatibus et magnis', 'Integer tincidunt ante vel ipsum. Praesent blandit lacinia erat. Vestibulum sed magna at nunc commodo placerat.', 'Violet', 41, 'Caren', 'Elly', '2023-01-31 03:20:42', '2022-08-10 15:40:32');
insert into article (id, title, content, hashtag, user_account_id, created_by, modified_by, created_at, modified_at) values (80, 'quam pede lobortis', 'Duis aliquam convallis nunc. Proin at turpis a pede posuere nonummy. Integer non velit.', 'Pink', 30, 'Flo', 'Chickie', '2022-09-09 04:58:11', '2022-07-18 02:56:50');
insert into article (id, title, content, hashtag, user_account_id, created_by, modified_by, created_at, modified_at) values (81, 'eu sapien cursus vestibulum proin eu', 'Duis aliquam convallis nunc. Proin at turpis a pede posuere nonummy. Integer non velit.', null, 11, 'Burl', 'Whitaker', '2023-03-04 22:37:16', '2023-05-20 13:36:20');
insert into article (id, title, content, hashtag, user_account_id, created_by, modified_by, created_at, modified_at) values (82, 'justo morbi ut odio', 'Curabitur gravida nisi at nibh. In hac habitasse platea dictumst. Aliquam augue quam, sollicitudin vitae, consectetuer eget, rutrum at, lorem.', 'Aquamarine', 2, 'Riccardo', 'Dorothea', '2022-08-31 06:13:28', '2022-12-30 21:28:37');
insert into article (id, title, content, hashtag, user_account_id, created_by, modified_by, created_at, modified_at) values (83, 'condimentum neque sapien placerat', 'Nullam porttitor lacus at turpis. Donec posuere metus vitae ipsum. Aliquam non mauris.', 'Indigo', 7, 'Andromache', 'Vic', '2023-03-21 19:15:30', '2022-12-14 01:19:07');
insert into article (id, title, content, hashtag, user_account_id, created_by, modified_by, created_at, modified_at) values (84, 'in hac habitasse platea dictumst', 'Praesent id massa id nisl venenatis lacinia. Aenean sit amet justo. Morbi ut odio.', 'Violet', 22, 'Stanislas', 'Ginevra', '2023-04-09 14:21:26', '2022-11-16 12:00:33');
insert into article (id, title, content, hashtag, user_account_id, created_by, modified_by, created_at, modified_at) values (85, 'risus auctor sed tristique in tempus', 'Nullam porttitor lacus at turpis. Donec posuere metus vitae ipsum. Aliquam non mauris.', 'Goldenrod', 29, 'Scarlet', 'Drusi', '2023-01-29 17:02:11', '2023-06-10 01:43:51');
insert into article (id, title, content, hashtag, user_account_id, created_by, modified_by, created_at, modified_at) values (86, 'dapibus dolor vel', 'Morbi porttitor lorem id ligula. Suspendisse ornare consequat lectus. In est risus, auctor sed, tristique in, tempus sit amet, sem.', null, 8, 'Royce', 'Wenona', '2023-03-29 20:42:09', '2023-06-24 08:15:39');
insert into article (id, title, content, hashtag, user_account_id, created_by, modified_by, created_at, modified_at) values (87, 'sed nisl nunc rhoncus dui vel sem', 'In hac habitasse platea dictumst. Morbi vestibulum, velit id pretium iaculis, diam erat fermentum justo, nec condimentum neque sapien placerat ante. Nulla justo.', 'Goldenrod', 6, 'Candi', 'Chelsae', '2023-02-15 03:04:26', '2023-03-05 05:57:48');
insert into article (id, title, content, hashtag, user_account_id, created_by, modified_by, created_at, modified_at) values (88, 'pede lobortis ligula', 'Nullam porttitor lacus at turpis. Donec posuere metus vitae ipsum. Aliquam non mauris.', 'Aquamarine', 50, 'Corinna', 'Ashby', '2022-12-19 14:46:30', '2023-06-06 11:51:32');
insert into article (id, title, content, hashtag, user_account_id, created_by, modified_by, created_at, modified_at) values (89, 'lacus purus aliquet at', 'Fusce consequat. Nulla nisl. Nunc nisl.', null, 36, 'Dido', 'Lilian', '2022-12-09 05:52:58', '2023-05-31 18:38:25');
insert into article (id, title, content, hashtag, user_account_id, created_by, modified_by, created_at, modified_at) values (90, 'felis fusce posuere felis sed', 'Maecenas leo odio, condimentum id, luctus nec, molestie sed, justo. Pellentesque viverra pede ac diam. Cras pellentesque volutpat dui.', 'Aquamarine', 18, 'Shaylyn', 'Jeana', '2023-02-21 08:50:50', '2023-04-20 10:13:59');
insert into article (id, title, content, hashtag, user_account_id, created_by, modified_by, created_at, modified_at) values (91, 'duis bibendum felis sed interdum', 'Curabitur gravida nisi at nibh. In hac habitasse platea dictumst. Aliquam augue quam, sollicitudin vitae, consectetuer eget, rutrum at, lorem.', 'Maroon', 27, 'Noami', 'Dagmar', '2023-04-13 17:37:37', '2022-07-14 07:06:11');
insert into article (id, title, content, hashtag, user_account_id, created_by, modified_by, created_at, modified_at) values (92, 'eu orci mauris lacinia sapien quis libero', 'Quisque porta volutpat erat. Quisque erat eros, viverra eget, congue eget, semper rutrum, nulla. Nunc purus.', 'Purple', 34, 'Balduin', 'Denna', '2022-11-30 03:28:45', '2022-08-15 07:33:48');
insert into article (id, title, content, hashtag, user_account_id, created_by, modified_by, created_at, modified_at) values (93, 'accumsan tortor quis turpis', 'Proin leo odio, porttitor id, consequat in, consequat ut, nulla. Sed accumsan felis. Ut at dolor quis odio consequat varius.', 'Khaki', 12, 'Abbe', 'Anatollo', '2023-03-17 06:05:32', '2023-03-03 13:05:21');
insert into article (id, title, content, hashtag, user_account_id, created_by, modified_by, created_at, modified_at) values (94, 'faucibus accumsan odio curabitur', 'Cum sociis natoque penatibus et magnis dis parturient montes, nascetur ridiculus mus. Vivamus vestibulum sagittis sapien. Cum sociis natoque penatibus et magnis dis parturient montes, nascetur ridiculus mus.', 'Aquamarine', 30, 'Dorolice', 'Corabella', '2022-10-04 14:22:14', '2023-04-03 05:50:38');
insert into article (id, title, content, hashtag, user_account_id, created_by, modified_by, created_at, modified_at) values (95, 'auctor sed tristique in tempus sit amet', 'Proin interdum mauris non ligula pellentesque ultrices. Phasellus id sapien in sapien iaculis congue. Vivamus metus arcu, adipiscing molestie, hendrerit at, vulputate vitae, nisl.', 'Aquamarine', 21, 'Maryellen', 'Stephan', '2022-07-03 05:39:13', '2022-08-19 12:35:39');
insert into article (id, title, content, hashtag, user_account_id, created_by, modified_by, created_at, modified_at) values (96, 'egestas metus aenean fermentum', 'In congue. Etiam justo. Etiam pretium iaculis justo.', 'Indigo', 27, 'Windy', 'Nathanial', '2023-01-30 22:23:23', '2022-12-01 10:24:42');
insert into article (id, title, content, hashtag, user_account_id, created_by, modified_by, created_at, modified_at) values (97, 'quis lectus suspendisse potenti in eleifend quam', 'Quisque porta volutpat erat. Quisque erat eros, viverra eget, congue eget, semper rutrum, nulla. Nunc purus.', 'Khaki', 27, 'Llywellyn', 'Floria', '2023-05-22 12:07:35', '2023-01-05 19:26:06');
insert into article (id, title, content, hashtag, user_account_id, created_by, modified_by, created_at, modified_at) values (98, 'natoque penatibus et', 'Integer tincidunt ante vel ipsum. Praesent blandit lacinia erat. Vestibulum sed magna at nunc commodo placerat.', null, 20, 'Berkly', 'Randene', '2022-12-15 22:01:28', '2023-03-26 07:32:09');
insert into article (id, title, content, hashtag, user_account_id, created_by, modified_by, created_at, modified_at) values (99, 'rhoncus mauris enim leo rhoncus sed vestibulum', 'Suspendisse potenti. In eleifend quam a odio. In hac habitasse platea dictumst.', 'Yellow', 11, 'Matthieu', 'Candace', '2023-03-11 22:26:00', '2023-05-23 21:30:44');
insert into article (id, title, content, hashtag, user_account_id, created_by, modified_by, created_at, modified_at) values (100, 'consequat nulla nisl nunc nisl duis', 'Fusce consequat. Nulla nisl. Nunc nisl.', null, 13, 'Nelli', 'Thadeus', '2023-04-16 06:50:26', '2023-02-10 19:13:52');



insert into article_comment (article_id, content, user_account_id, created_at, modified_at, created_by, modified_by) values (98, 'Willabella', 7, '2023-03-28 08:33:50', '2022-12-04 23:46:17', 'Manfred', 'Lucine');
insert into article_comment (article_id, content, user_account_id, created_at, modified_at, created_by, modified_by) values (32, 'Brittani', 42, '2022-08-24 23:13:46', '2023-02-02 03:53:18', 'Bernadette', 'Agatha');
insert into article_comment (article_id, content, user_account_id, created_at, modified_at, created_by, modified_by) values (18, 'Dotty', 36, '2023-04-27 05:41:43', '2022-12-10 08:01:22', 'Elia', 'Northrup');
insert into article_comment (article_id, content, user_account_id, created_at, modified_at, created_by, modified_by) values (86, 'Lynna', 11, '2022-12-09 06:19:55', '2023-02-18 02:46:45', 'Johnathon', 'Bertrand');
insert into article_comment (article_id, content, user_account_id, created_at, modified_at, created_by, modified_by) values (30, 'Terri', 4, '2023-04-04 11:38:22', '2023-03-14 02:36:58', 'Cynthie', 'Lorry');
insert into article_comment (article_id, content, user_account_id, created_at, modified_at, created_by, modified_by) values (13, 'Jan', 29, '2023-04-27 18:15:17', '2022-10-11 19:39:35', 'Mason', 'Kristoforo');
insert into article_comment (article_id, content, user_account_id, created_at, modified_at, created_by, modified_by) values (43, 'Gibby', 32, '2023-06-26 08:26:39', '2022-11-28 11:03:09', 'Corny', 'Law');
insert into article_comment (article_id, content, user_account_id, created_at, modified_at, created_by, modified_by) values (44, 'Stephannie', 19, '2023-03-12 00:12:10', '2022-11-14 02:24:35', 'Archer', 'Crichton');
insert into article_comment (article_id, content, user_account_id, created_at, modified_at, created_by, modified_by) values (8, 'Darice', 50, '2022-11-16 07:55:51', '2023-04-11 12:37:30', 'Thorsten', 'Ulrick');
insert into article_comment (article_id, content, user_account_id, created_at, modified_at, created_by, modified_by) values (89, 'Mattie', 38, '2023-05-14 21:16:14', '2023-01-28 22:16:18', 'Sibylle', 'Petr');
insert into article_comment (article_id, content, user_account_id, created_at, modified_at, created_by, modified_by) values (67, 'Irene', 18, '2022-07-19 23:44:17', '2023-03-11 01:44:05', 'Denney', 'Waylon');
insert into article_comment (article_id, content, user_account_id, created_at, modified_at, created_by, modified_by) values (59, 'Esmaria', 5, '2022-11-13 12:36:15', '2022-07-10 13:32:44', 'Ibby', 'Amandy');
insert into article_comment (article_id, content, user_account_id, created_at, modified_at, created_by, modified_by) values (45, 'Beverie', 12, '2023-06-12 15:59:40', '2023-06-05 17:37:15', 'Annalee', 'Jard');
insert into article_comment (article_id, content, user_account_id, created_at, modified_at, created_by, modified_by) values (83, 'Calli', 31, '2023-05-26 10:19:54', '2023-06-28 05:33:29', 'Lek', 'Hewet');
insert into article_comment (article_id, content, user_account_id, created_at, modified_at, created_by, modified_by) values (3, 'Madelena', 6, '2023-03-16 23:32:21', '2022-10-02 03:45:03', 'Algernon', 'Rutledge');
insert into article_comment (article_id, content, user_account_id, created_at, modified_at, created_by, modified_by) values (50, 'Horace', 25, '2022-12-13 18:08:42', '2022-07-28 18:32:34', 'Emmye', 'Bryna');
insert into article_comment (article_id, content, user_account_id, created_at, modified_at, created_by, modified_by) values (79, 'Gawen', 20, '2023-06-11 22:02:59', '2022-10-18 10:40:31', 'Timmie', 'Alvin');
insert into article_comment (article_id, content, user_account_id, created_at, modified_at, created_by, modified_by) values (2, 'Bord', 30, '2023-05-20 08:01:05', '2022-12-23 23:58:23', 'Cammy', 'Alexandre');
insert into article_comment (article_id, content, user_account_id, created_at, modified_at, created_by, modified_by) values (6, 'Ivan', 9, '2023-02-22 20:16:27', '2023-01-03 04:32:02', 'Fee', 'Rebekah');
insert into article_comment (article_id, content, user_account_id, created_at, modified_at, created_by, modified_by) values (38, 'Matteo', 9, '2023-04-26 09:36:19', '2023-03-26 02:35:16', 'Gilligan', 'Cyril');
insert into article_comment (article_id, content, user_account_id, created_at, modified_at, created_by, modified_by) values (56, 'Dag', 25, '2023-06-26 07:59:36', '2022-12-26 18:32:48', 'Catriona', 'Aldric');
insert into article_comment (article_id, content, user_account_id, created_at, modified_at, created_by, modified_by) values (11, 'Emmanuel', 12, '2022-08-18 21:25:40', '2023-03-03 01:13:24', 'Pedro', 'Emelyne');
insert into article_comment (article_id, content, user_account_id, created_at, modified_at, created_by, modified_by) values (52, 'Lacy', 32, '2023-06-07 14:05:52', '2023-06-16 18:54:46', 'Nathan', 'Shaine');
insert into article_comment (article_id, content, user_account_id, created_at, modified_at, created_by, modified_by) values (49, 'Arabella', 42, '2022-09-17 10:50:53', '2023-03-15 05:31:02', 'Udale', 'Heindrick');
insert into article_comment (article_id, content, user_account_id, created_at, modified_at, created_by, modified_by) values (66, 'Dallis', 22, '2023-05-30 19:06:38', '2022-10-02 11:43:39', 'Vannie', 'Adele');
insert into article_comment (article_id, content, user_account_id, created_at, modified_at, created_by, modified_by) values (3, 'Bebe', 44, '2023-02-13 19:03:01', '2022-08-10 10:03:50', 'Wyndham', 'Syd');
insert into article_comment (article_id, content, user_account_id, created_at, modified_at, created_by, modified_by) values (12, 'Raimondo', 9, '2022-10-18 04:48:37', '2022-12-04 09:55:38', 'Keslie', 'Lemar');
insert into article_comment (article_id, content, user_account_id, created_at, modified_at, created_by, modified_by) values (31, 'Adrianna', 27, '2022-09-22 01:02:11', '2022-10-12 19:05:59', 'Maxie', 'Woodie');
insert into article_comment (article_id, content, user_account_id, created_at, modified_at, created_by, modified_by) values (82, 'Dale', 38, '2022-07-04 02:11:58', '2022-10-01 23:52:46', 'Carson', 'Chase');
insert into article_comment (article_id, content, user_account_id, created_at, modified_at, created_by, modified_by) values (25, 'Artie', 49, '2022-12-15 01:36:57', '2022-09-20 21:13:35', 'Engracia', 'Wileen');
insert into article_comment (article_id, content, user_account_id, created_at, modified_at, created_by, modified_by) values (16, 'Natalee', 2, '2022-09-23 16:07:41', '2022-11-21 02:21:04', 'Jacob', 'Vale');
insert into article_comment (article_id, content, user_account_id, created_at, modified_at, created_by, modified_by) values (7, 'Mella', 14, '2022-07-26 14:30:02', '2023-03-01 06:39:40', 'Morgan', 'Patricio');
insert into article_comment (article_id, content, user_account_id, created_at, modified_at, created_by, modified_by) values (65, 'Alfie', 5, '2022-11-09 15:22:55', '2023-06-11 02:44:09', 'Wes', 'Sidnee');
insert into article_comment (article_id, content, user_account_id, created_at, modified_at, created_by, modified_by) values (56, 'Paddy', 32, '2023-06-29 14:19:16', '2022-08-28 20:41:15', 'Llywellyn', 'Carmella');
insert into article_comment (article_id, content, user_account_id, created_at, modified_at, created_by, modified_by) values (36, 'Vidovik', 19, '2023-02-28 22:30:17', '2022-08-05 21:35:04', 'Cullen', 'Clarey');
insert into article_comment (article_id, content, user_account_id, created_at, modified_at, created_by, modified_by) values (44, 'Udall', 26, '2023-01-05 11:10:44', '2022-09-01 20:01:43', 'Corinna', 'Lorette');
insert into article_comment (article_id, content, user_account_id, created_at, modified_at, created_by, modified_by) values (70, 'Jayme', 12, '2023-01-14 10:28:10', '2022-11-12 06:05:59', 'Shep', 'Nevile');
insert into article_comment (article_id, content, user_account_id, created_at, modified_at, created_by, modified_by) values (69, 'Nevin', 21, '2022-12-01 16:40:23', '2023-01-20 13:40:49', 'Maurise', 'Angelico');
insert into article_comment (article_id, content, user_account_id, created_at, modified_at, created_by, modified_by) values (53, 'Shae', 18, '2022-12-26 04:29:13', '2022-08-27 10:58:35', 'Alexine', 'Fowler');
insert into article_comment (article_id, content, user_account_id, created_at, modified_at, created_by, modified_by) values (24, 'Murial', 15, '2023-01-23 08:39:57', '2022-10-24 10:16:44', 'Ephrem', 'Knox');
insert into article_comment (article_id, content, user_account_id, created_at, modified_at, created_by, modified_by) values (6, 'Deana', 45, '2022-11-05 20:08:58', '2023-02-10 01:14:19', 'Hershel', 'Ronnie');
insert into article_comment (article_id, content, user_account_id, created_at, modified_at, created_by, modified_by) values (62, 'Lowrance', 30, '2023-03-22 05:52:49', '2023-06-21 20:52:53', 'Simone', 'Fletch');
insert into article_comment (article_id, content, user_account_id, created_at, modified_at, created_by, modified_by) values (48, 'Dallis', 40, '2022-12-24 06:49:11', '2023-01-13 23:22:43', 'Niccolo', 'Robin');
insert into article_comment (article_id, content, user_account_id, created_at, modified_at, created_by, modified_by) values (22, 'Ardra', 42, '2023-02-07 00:39:08', '2022-12-06 16:57:58', 'Robenia', 'Brnaba');
insert into article_comment (article_id, content, user_account_id, created_at, modified_at, created_by, modified_by) values (68, 'Gloria', 28, '2023-04-19 20:00:42', '2022-08-17 17:55:25', 'Raynell', 'Hughie');
insert into article_comment (article_id, content, user_account_id, created_at, modified_at, created_by, modified_by) values (62, 'Pandora', 13, '2022-11-28 10:14:53', '2022-09-02 16:30:20', 'Dorolice', 'Paige');
insert into article_comment (article_id, content, user_account_id, created_at, modified_at, created_by, modified_by) values (95, 'Lira', 26, '2023-04-17 21:01:33', '2022-11-22 21:05:37', 'Emelita', 'Rozamond');
insert into article_comment (article_id, content, user_account_id, created_at, modified_at, created_by, modified_by) values (10, 'Arluene', 35, '2023-01-15 16:41:55', '2022-10-09 08:53:02', 'Elliot', 'Zebulen');
insert into article_comment (article_id, content, user_account_id, created_at, modified_at, created_by, modified_by) values (61, 'Ursula', 4, '2022-10-25 11:13:52', '2022-09-07 23:08:44', 'Myrah', 'Lorin');
insert into article_comment (article_id, content, user_account_id, created_at, modified_at, created_by, modified_by) values (48, 'Cord', 47, '2022-10-02 10:31:24', '2022-07-21 06:46:34', 'Mae', 'Jarred');
insert into article_comment (article_id, content, user_account_id, created_at, modified_at, created_by, modified_by) values (81, 'Gizela', 31, '2023-06-05 20:32:23', '2023-03-17 01:40:02', 'Marti', 'Natasha');
insert into article_comment (article_id, content, user_account_id, created_at, modified_at, created_by, modified_by) values (96, 'Andromache', 31, '2022-11-06 20:15:38', '2022-08-18 02:35:36', 'Simonette', 'Lucy');
insert into article_comment (article_id, content, user_account_id, created_at, modified_at, created_by, modified_by) values (52, 'Connie', 25, '2022-07-03 23:41:12', '2023-01-18 17:01:30', 'Dinah', 'Olivero');
insert into article_comment (article_id, content, user_account_id, created_at, modified_at, created_by, modified_by) values (56, 'Ramona', 32, '2023-05-04 23:36:52', '2023-04-11 10:13:43', 'Kristyn', 'Jamie');
insert into article_comment (article_id, content, user_account_id, created_at, modified_at, created_by, modified_by) values (64, 'Virginia', 7, '2023-04-06 21:05:03', '2022-10-31 21:04:23', 'Maiga', 'Candie');
insert into article_comment (article_id, content, user_account_id, created_at, modified_at, created_by, modified_by) values (36, 'Violante', 47, '2022-07-15 19:29:00', '2022-08-30 18:58:20', 'Eugene', 'Fanny');
insert into article_comment (article_id, content, user_account_id, created_at, modified_at, created_by, modified_by) values (17, 'Bernadette', 18, '2023-05-17 12:25:03', '2023-04-03 19:35:20', 'Correna', 'Rosabelle');
insert into article_comment (article_id, content, user_account_id, created_at, modified_at, created_by, modified_by) values (75, 'Meaghan', 15, '2023-05-23 04:57:35', '2022-08-23 12:44:14', 'Kiel', 'Marcille');
insert into article_comment (article_id, content, user_account_id, created_at, modified_at, created_by, modified_by) values (63, 'Jilly', 44, '2023-02-02 11:31:35', '2023-05-19 14:52:38', 'Fraser', 'Augustine');
insert into article_comment (article_id, content, user_account_id, created_at, modified_at, created_by, modified_by) values (64, 'Clayborne', 26, '2022-12-06 07:53:28', '2022-08-09 08:57:38', 'Rochella', 'Madelle');
insert into article_comment (article_id, content, user_account_id, created_at, modified_at, created_by, modified_by) values (90, 'Molly', 22, '2023-03-18 08:20:36', '2022-09-29 16:02:06', 'Shauna', 'Kelsey');
insert into article_comment (article_id, content, user_account_id, created_at, modified_at, created_by, modified_by) values (6, 'Velma', 22, '2023-02-24 23:20:37', '2022-08-27 02:28:17', 'Giraud', 'Octavius');
insert into article_comment (article_id, content, user_account_id, created_at, modified_at, created_by, modified_by) values (2, 'Friederike', 7, '2022-12-11 08:34:40', '2022-12-06 05:12:29', 'Bail', 'Meir');
insert into article_comment (article_id, content, user_account_id, created_at, modified_at, created_by, modified_by) values (29, 'Brandy', 3, '2023-03-18 04:37:20', '2022-09-02 09:11:38', 'Inger', 'Normand');
insert into article_comment (article_id, content, user_account_id, created_at, modified_at, created_by, modified_by) values (94, 'Valida', 11, '2022-12-31 23:30:26', '2022-09-16 01:14:22', 'Tarrance', 'Fernando');
insert into article_comment (article_id, content, user_account_id, created_at, modified_at, created_by, modified_by) values (27, 'Gui', 40, '2023-02-12 18:25:24', '2022-11-10 12:04:39', 'Gratia', 'Alessandra');
insert into article_comment (article_id, content, user_account_id, created_at, modified_at, created_by, modified_by) values (69, 'Reeva', 36, '2022-12-07 08:52:29', '2022-11-18 15:03:05', 'Jsandye', 'Isador');
insert into article_comment (article_id, content, user_account_id, created_at, modified_at, created_by, modified_by) values (16, 'Leola', 23, '2023-05-25 22:33:34', '2022-12-19 08:20:48', 'Domenico', 'Wendall');
insert into article_comment (article_id, content, user_account_id, created_at, modified_at, created_by, modified_by) values (45, 'Elise', 44, '2023-02-26 12:25:08', '2023-04-30 13:07:07', 'Issie', 'Griffith');
insert into article_comment (article_id, content, user_account_id, created_at, modified_at, created_by, modified_by) values (44, 'Lennard', 41, '2022-07-19 11:48:57', '2022-10-15 23:48:49', 'Rock', 'Marla');
insert into article_comment (article_id, content, user_account_id, created_at, modified_at, created_by, modified_by) values (93, 'Tomi', 40, '2022-10-21 06:17:12', '2022-12-10 15:58:48', 'Jesse', 'Dick');
insert into article_comment (article_id, content, user_account_id, created_at, modified_at, created_by, modified_by) values (24, 'Gordy', 36, '2023-03-23 17:50:24', '2022-09-13 07:52:10', 'Cass', 'Louie');
insert into article_comment (article_id, content, user_account_id, created_at, modified_at, created_by, modified_by) values (61, 'Jemimah', 33, '2023-03-10 05:40:26', '2022-09-06 08:05:23', 'Sula', 'Lydon');
insert into article_comment (article_id, content, user_account_id, created_at, modified_at, created_by, modified_by) values (54, 'Camellia', 40, '2022-08-03 16:12:21', '2023-02-14 03:26:41', 'Rochette', 'Cornelle');
insert into article_comment (article_id, content, user_account_id, created_at, modified_at, created_by, modified_by) values (31, 'Carmita', 11, '2022-10-27 16:59:39', '2022-12-25 06:47:11', 'Udale', 'Kerry');
insert into article_comment (article_id, content, user_account_id, created_at, modified_at, created_by, modified_by) values (31, 'Conroy', 14, '2023-06-01 11:32:07', '2023-06-05 02:26:32', 'Ignatius', 'Shandra');
insert into article_comment (article_id, content, user_account_id, created_at, modified_at, created_by, modified_by) values (21, 'Vernon', 12, '2023-06-17 18:29:26', '2022-08-20 04:11:49', 'Rollins', 'Kirby');
insert into article_comment (article_id, content, user_account_id, created_at, modified_at, created_by, modified_by) values (82, 'Dale', 19, '2023-02-13 15:19:05', '2022-07-22 08:31:03', 'Ashli', 'Tuckie');
insert into article_comment (article_id, content, user_account_id, created_at, modified_at, created_by, modified_by) values (71, 'Dickie', 25, '2022-07-02 14:45:37', '2023-01-19 01:09:55', 'Marya', 'Wenona');
insert into article_comment (article_id, content, user_account_id, created_at, modified_at, created_by, modified_by) values (11, 'Justina', 27, '2023-02-04 11:48:35', '2023-06-04 03:00:42', 'Muire', 'Shell');
insert into article_comment (article_id, content, user_account_id, created_at, modified_at, created_by, modified_by) values (73, 'Joell', 33, '2023-02-12 13:35:48', '2023-02-11 09:50:30', 'Harald', 'Winifred');
insert into article_comment (article_id, content, user_account_id, created_at, modified_at, created_by, modified_by) values (57, 'Irving', 19, '2022-11-02 11:48:10', '2023-01-23 06:56:40', 'Florry', 'Terencio');
insert into article_comment (article_id, content, user_account_id, created_at, modified_at, created_by, modified_by) values (8, 'Carlynn', 6, '2023-05-30 12:43:48', '2023-02-09 05:36:50', 'Barbie', 'Emily');
insert into article_comment (article_id, content, user_account_id, created_at, modified_at, created_by, modified_by) values (11, 'Magnum', 15, '2023-05-30 19:56:57', '2023-01-06 14:53:28', 'Rafaello', 'Vitoria');
insert into article_comment (article_id, content, user_account_id, created_at, modified_at, created_by, modified_by) values (84, 'Kain', 3, '2023-04-30 19:44:42', '2022-08-31 08:26:42', 'Tristan', 'Agnesse');
insert into article_comment (article_id, content, user_account_id, created_at, modified_at, created_by, modified_by) values (17, 'Dex', 3, '2023-01-12 12:20:19', '2023-02-28 19:36:38', 'Michelina', 'Wilma');
insert into article_comment (article_id, content, user_account_id, created_at, modified_at, created_by, modified_by) values (75, 'Bo', 9, '2022-07-01 08:25:56', '2022-07-16 06:45:29', 'Penelopa', 'Alberto');
insert into article_comment (article_id, content, user_account_id, created_at, modified_at, created_by, modified_by) values (91, 'Dalila', 30, '2023-06-22 16:02:46', '2023-02-15 12:23:29', 'Jaime', 'Ruttger');
insert into article_comment (article_id, content, user_account_id, created_at, modified_at, created_by, modified_by) values (24, 'Coretta', 32, '2022-08-25 12:58:12', '2023-05-04 07:11:12', 'Artie', 'Allan');
insert into article_comment (article_id, content, user_account_id, created_at, modified_at, created_by, modified_by) values (88, 'Jaime', 31, '2023-04-29 04:28:48', '2022-11-09 02:58:24', 'Sandra', 'Nyssa');
insert into article_comment (article_id, content, user_account_id, created_at, modified_at, created_by, modified_by) values (50, 'Lotty', 1, '2022-11-18 15:34:35', '2022-08-16 08:56:42', 'Sandi', 'Elfie');
insert into article_comment (article_id, content, user_account_id, created_at, modified_at, created_by, modified_by) values (21, 'Oona', 21, '2022-08-13 17:32:26', '2022-09-12 02:31:03', 'Karen', 'Alanah');
insert into article_comment (article_id, content, user_account_id, created_at, modified_at, created_by, modified_by) values (71, 'Darcie', 44, '2022-07-21 23:20:37', '2022-07-14 05:34:09', 'Mary', 'Dario');
insert into article_comment (article_id, content, user_account_id, created_at, modified_at, created_by, modified_by) values (25, 'Cecile', 2, '2022-09-23 20:11:17', '2023-03-16 01:53:36', 'Duffy', 'Tedd');
insert into article_comment (article_id, content, user_account_id, created_at, modified_at, created_by, modified_by) values (34, 'Fae', 1, '2023-06-22 07:41:17', '2022-11-20 22:21:30', 'Randie', 'Shandee');
insert into article_comment (article_id, content, user_account_id, created_at, modified_at, created_by, modified_by) values (39, 'Sawyer', 32, '2022-12-18 08:35:47', '2022-08-21 15:00:45', 'Cedric', 'Berget');
insert into article_comment (article_id, content, user_account_id, created_at, modified_at, created_by, modified_by) values (69, 'Pansy', 28, '2022-08-06 08:15:21', '2023-06-27 07:21:46', 'Aimil', 'Ainslee');
insert into article_comment (article_id, content, user_account_id, created_at, modified_at, created_by, modified_by) values (98, 'Esteban', 30, '2022-11-29 12:07:13', '2022-07-08 12:39:00', 'Dorene', 'Nydia');
insert into article_comment (article_id, content, user_account_id, created_at, modified_at, created_by, modified_by) values (67, 'Margareta', 17, '2023-05-08 10:47:34', '2022-10-27 07:51:18', 'Kevyn', 'Alleyn');
insert into article_comment (article_id, content, user_account_id, created_at, modified_at, created_by, modified_by) values (5, 'Augusto', 46, '2023-01-10 15:57:19', '2023-02-18 12:49:11', 'Elke', 'Dell');

--insert into user_account (user_id, user_password, nickname, email, memo, created_at, created_by, modified_at, modified_by) values
--('uno', 'asdf1234', 'Uno', 'uno@mail.com', 'I am Uno.', now(), 'uno', now(), 'uno')
--;
--insert into user_account (user_id, user_password, nickname, email, memo, created_at, created_by, modified_at, modified_by) values
--  ('uno2', 'asdf1234', 'Uno2', 'uno2@mail.com', 'I am Uno2.', now(), 'uno2', now(), 'uno2')
--;



