insert into user_account (user_id, user_password, nickname, email, memo, created_at, created_by, modified_at, modified_by) values ('jihoon', '{noop}asdf1234', 'Jihoon', 'jihoon@mail.com', 'I am JiHoon.', now(), 'jihoon', now(), 'jihoon');
insert into user_account (user_id, user_password, nickname, email, memo, created_at, created_by, modified_at, modified_by) values('uno2', '{noop}asdf1234', 'Uno2', 'uno2@mail.com', 'I am Uno2.', now(), 'uno2', now(), 'uno2');


insert into article (user_id, title, content, created_by, modified_by, created_at, modified_at) values ('jihoon', 'curae mauris viverra diam', 'Donec diam neque, vestibulum eget, vulputate ut, ultrices vel, augue. Vestibulum ante ipsum primis in faucibus orci luctus et ultrices posuere cubilia Curae; Donec pharetra, magna vestibulum aliquet ultrices, erat tortor sollicitudin mi, sit amet lobortis sapien sapien non mi. Integer ac neque.', 'Julee', 'Therine', '2023-05-19 21:01:55', '2023-02-22 06:30:42');
insert into article (user_id, title, content, created_by, modified_by, created_at, modified_at) values ('jihoon', 'dolor sit amet consectetuer adipiscing elit', 'Pellentesque at nulla. Suspendisse potenti. Cras in purus eu magna vulputate luctus.', 'De', 'Alie', '2022-10-18 10:51:34', '2022-12-23 02:30:45');
insert into article (user_id, title, content, created_by, modified_by, created_at, modified_at) values ('jihoon', 'sagittis dui vel', 'Nullam sit amet turpis elementum ligula vehicula consequat. Morbi a ipsum. Integer a nibh.', 'Ianthe', 'Ancell', '2023-03-05 19:29:33', '2022-11-18 19:08:07');
insert into article (user_id, title, content, created_by, modified_by, created_at, modified_at) values ('uno2', 'tincidunt nulla mollis molestie lorem quisque', 'Praesent blandit. Nam nulla. Integer pede justo, lacinia eget, tincidunt eget, tempus vel, pede.', 'Norean', 'Queenie', '2023-03-12 11:38:41', '2023-04-26 16:19:06');
insert into article (user_id, title, content, created_by, modified_by, created_at, modified_at) values ('uno2', 'sed sagittis nam congue risus semper', 'Integer ac leo. Pellentesque ultrices mattis odio. Donec vitae nisi.', 'Camala', 'Herold', '2022-10-31 05:59:26', '2022-11-01 05:41:37');
insert into article (user_id, title, content, created_by, modified_by, created_at, modified_at) values ('jihoon', 'dui nec nisi volutpat eleifend', 'Aliquam quis turpis eget elit sodales scelerisque. Mauris sit amet eros. Suspendisse accumsan tortor quis turpis.', 'Nerissa', 'Gae', '2023-06-01 17:47:33', '2022-11-13 19:24:50');
insert into article (user_id, title, content, created_by, modified_by, created_at, modified_at) values ('uno2', 'sodales sed tincidunt', 'Integer tincidunt ante vel ipsum. Praesent blandit lacinia erat. Vestibulum sed magna at nunc commodo placerat.', 'Jeniece', 'Kaitlyn', '2023-05-24 06:23:44', '2022-07-08 15:33:04');
insert into article (user_id, title, content, created_by, modified_by, created_at, modified_at) values ('uno2', 'convallis duis consequat dui nec nisi volutpat', 'Proin interdum mauris non ligula pellentesque ultrices. Phasellus id sapien in sapien iaculis congue. Vivamus metus arcu, adipiscing molestie, hendrerit at, vulputate vitae, nisl.', 'Rabbi', 'Buddy', '2023-05-18 18:56:15', '2023-06-24 09:13:37');
insert into article (user_id, title, content, created_by, modified_by, created_at, modified_at) values ('uno2', 'nulla justo aliquam quis turpis eget', 'Aenean lectus. Pellentesque eget nunc. Donec quis orci eget orci vehicula condimentum.', 'Jeniffer', 'Linell', '2022-07-20 22:49:59', '2022-10-28 12:23:41');
insert into article (user_id, title, content, created_by, modified_by, created_at, modified_at) values ('uno2', 'consectetuer adipiscing elit proin risus praesent lectus', 'Vestibulum ac est lacinia nisi venenatis tristique. Fusce congue, diam id ornare imperdiet, sapien urna pretium nisl, ut volutpat sapien arcu sed augue. Aliquam erat volutpat.', 'Grata', 'Elnar', '2022-12-09 18:52:46', '2022-09-28 14:47:46');
insert into article (user_id, title, content, created_by, modified_by, created_at, modified_at) values ('uno2', 'ultrices enim lorem ipsum', 'In hac habitasse platea dictumst. Morbi vestibulum, velit id pretium iaculis, diam erat fermentum justo, nec condimentum neque sapien placerat ante. Nulla justo.', 'Celisse', 'Juana', '2022-12-22 16:57:14', '2023-04-04 14:39:50');
insert into article (user_id, title, content, created_by, modified_by, created_at, modified_at) values ('uno2', 'vestibulum quam sapien varius ut', 'Donec diam neque, vestibulum eget, vulputate ut, ultrices vel, augue. Vestibulum ante ipsum primis in faucibus orci luctus et ultrices posuere cubilia Curae; Donec pharetra, magna vestibulum aliquet ultrices, erat tortor sollicitudin mi, sit amet lobortis sapien sapien non mi. Integer ac neque.', 'Ryann', 'Arel', '2023-01-18 13:40:00', '2022-09-15 13:05:33');
insert into article (user_id, title, content, created_by, modified_by, created_at, modified_at) values ('jihoon', 'tristique fusce congue diam', 'Cum sociis natoque penatibus et magnis dis parturient montes, nascetur ridiculus mus. Vivamus vestibulum sagittis sapien. Cum sociis natoque penatibus et magnis dis parturient montes, nascetur ridiculus mus.', 'Ancell', 'Devinne', '2023-03-20 18:39:11', '2022-09-18 00:32:34');
insert into article (user_id, title, content, created_by, modified_by, created_at, modified_at) values ('jihoon', 'sit amet cursus id turpis integer aliquet', 'Duis bibendum, felis sed interdum venenatis, turpis enim blandit mi, in porttitor pede justo eu massa. Donec dapibus. Duis at velit eu est congue elementum.', 'Arin', 'Clarabelle', '2022-07-16 12:24:38', '2023-02-14 02:09:12');
insert into article (user_id, title, content, created_by, modified_by, created_at, modified_at) values ('uno2', 'lacus purus aliquet at feugiat non', 'In congue. Etiam justo. Etiam pretium iaculis justo.', 'Kendrick', 'Penn', '2022-08-16 08:44:02', '2023-06-03 02:31:19');
insert into article (user_id, title, content, created_by, modified_by, created_at, modified_at) values ('jihoon', 'condimentum id luctus', 'Nulla ut erat id mauris vulputate elementum. Nullam varius. Nulla facilisi.', 'Russ', 'Wilhelm', '2022-07-23 00:13:23', '2023-01-03 08:05:37');
insert into article (user_id, title, content, created_by, modified_by, created_at, modified_at) values ('uno2', 'vulputate elementum nullam varius nulla', 'In quis justo. Maecenas rhoncus aliquam lacus. Morbi quis tortor id nulla ultrices aliquet.', 'Isabella', 'Lynett', '2022-08-10 04:14:59', '2023-05-08 13:12:23');
insert into article (user_id, title, content, created_by, modified_by, created_at, modified_at) values ('jihoon', 'duis bibendum felis sed interdum', 'Mauris enim leo, rhoncus sed, vestibulum sit amet, cursus id, turpis. Integer aliquet, massa id lobortis convallis, tortor risus dapibus augue, vel accumsan tellus nisi eu orci. Mauris lacinia sapien quis libero.', 'Melicent', 'Frannie', '2022-09-09 15:33:14', '2022-11-11 02:54:43');
insert into article (user_id, title, content, created_by, modified_by, created_at, modified_at) values ('uno2', 'pede posuere nonummy integer non velit donec', 'Sed sagittis. Nam congue, risus semper porta volutpat, quam pede lobortis ligula, sit amet eleifend pede libero quis orci. Nullam molestie nibh in lectus.', 'Karlotte', 'Gallagher', '2023-02-02 04:26:44', '2023-06-09 22:51:30');
insert into article (user_id, title, content, created_by, modified_by, created_at, modified_at) values ('jihoon', 'fusce posuere felis', 'Phasellus sit amet erat. Nulla tempus. Vivamus in felis eu sapien cursus vestibulum.', 'Marcelia', 'Oralee', '2022-10-18 05:17:05', '2022-10-17 00:01:24');
insert into article (user_id, title, content, created_by, modified_by, created_at, modified_at) values ('uno2', 'etiam vel augue vestibulum rutrum rutrum neque', 'Nam ultrices, libero non mattis pulvinar, nulla pede ullamcorper augue, a suscipit nulla elit ac nulla. Sed vel enim sit amet nunc viverra dapibus. Nulla suscipit ligula in lacus.', 'Melisse', 'Elana', '2023-05-01 23:32:50', '2023-05-11 14:41:15');
insert into article (user_id, title, content, created_by, modified_by, created_at, modified_at) values ('jihoon', 'non pretium quis lectus suspendisse potenti', 'Fusce consequat. Nulla nisl. Nunc nisl.', 'Glennie', 'Sigmund', '2022-07-19 00:16:05', '2023-02-04 00:09:42');
insert into article (user_id, title, content, created_by, modified_by, created_at, modified_at) values ('uno2', 'ipsum primis in faucibus', 'Nam ultrices, libero non mattis pulvinar, nulla pede ullamcorper augue, a suscipit nulla elit ac nulla. Sed vel enim sit amet nunc viverra dapibus. Nulla suscipit ligula in lacus.', 'Brina', 'Kirbee', '2023-02-13 08:06:31', '2022-07-15 05:39:59');
insert into article (user_id, title, content, created_by, modified_by, created_at, modified_at) values ('uno2', 'ac diam cras pellentesque volutpat', 'Vestibulum quam sapien, varius ut, blandit non, interdum in, ante. Vestibulum ante ipsum primis in faucibus orci luctus et ultrices posuere cubilia Curae; Duis faucibus accumsan odio. Curabitur convallis.', 'Earvin', 'Gabbie', '2022-11-16 10:44:17', '2022-09-07 21:19:57');
insert into article (user_id, title, content, created_by, modified_by, created_at, modified_at) values ('jihoon', 'ut rhoncus aliquet', 'In sagittis dui vel nisl. Duis ac nibh. Fusce lacus purus, aliquet at, feugiat non, pretium quis, lectus.', 'Marj', 'Ilsa', '2023-04-16 03:50:46', '2023-04-23 19:02:21');
insert into article (user_id, title, content, created_by, modified_by, created_at, modified_at) values ('jihoon', 'proin eu mi nulla ac', 'Fusce consequat. Nulla nisl. Nunc nisl.', 'Lucila', 'Lucas', '2022-10-29 22:08:58', '2022-11-28 14:43:33');
insert into article (user_id, title, content, created_by, modified_by, created_at, modified_at) values ('jihoon', 'erat eros viverra eget congue', 'Fusce consequat. Nulla nisl. Nunc nisl.', 'Catharina', 'Agustin', '2023-04-01 09:57:30', '2023-05-26 08:36:00');
insert into article (user_id, title, content, created_by, modified_by, created_at, modified_at) values ('jihoon', 'condimentum curabitur in', 'Duis bibendum, felis sed interdum venenatis, turpis enim blandit mi, in porttitor pede justo eu massa. Donec dapibus. Duis at velit eu est congue elementum.', 'John', 'Pren', '2023-06-24 07:10:59', '2022-08-20 17:34:14');
insert into article (user_id, title, content, created_by, modified_by, created_at, modified_at) values ('jihoon', 'dui luctus rutrum nulla tellus in sagittis', 'In sagittis dui vel nisl. Duis ac nibh. Fusce lacus purus, aliquet at, feugiat non, pretium quis, lectus.', 'Guinevere', 'Annetta', '2023-03-05 11:24:55', '2023-02-06 22:38:59');
insert into article (user_id, title, content, created_by, modified_by, created_at, modified_at) values ('jihoon', 'aenean fermentum donec ut mauris', 'Morbi porttitor lorem id ligula. Suspendisse ornare consequat lectus. In est risus, auctor sed, tristique in, tempus sit amet, sem.', 'Brit', 'Alex', '2022-11-21 19:51:33', '2022-07-01 03:54:03');
insert into article (user_id, title, content, created_by, modified_by, created_at, modified_at) values ('jihoon', 'sociis natoque penatibus et magnis dis parturient', 'Duis aliquam convallis nunc. Proin at turpis a pede posuere nonummy. Integer non velit.', 'Marje', 'Hugues', '2022-10-01 22:35:01', '2023-02-11 19:16:26');
insert into article (user_id, title, content, created_by, modified_by, created_at, modified_at) values ('jihoon', 'vestibulum proin eu mi nulla ac enim', 'Aenean fermentum. Donec ut mauris eget massa tempor convallis. Nulla neque libero, convallis eget, eleifend luctus, ultricies eu, nibh.', 'Kenneth', 'Chancey', '2023-04-18 02:00:13', '2022-08-04 16:49:46');
insert into article (user_id, title, content, created_by, modified_by, created_at, modified_at) values ('jihoon', 'morbi odio odio', 'Praesent blandit. Nam nulla. Integer pede justo, lacinia eget, tincidunt eget, tempus vel, pede.', 'Karel', 'Flint', '2023-01-07 08:52:54', '2023-03-22 07:16:02');
insert into article (user_id, title, content, created_by, modified_by, created_at, modified_at) values ('uno2', 'aliquet pulvinar sed nisl', 'Proin interdum mauris non ligula pellentesque ultrices. Phasellus id sapien in sapien iaculis congue. Vivamus metus arcu, adipiscing molestie, hendrerit at, vulputate vitae, nisl.', 'Seward', 'Cati', '2022-08-02 22:37:35', '2023-03-25 08:55:53');
insert into article (user_id, title, content, created_by, modified_by, created_at, modified_at) values ('jihoon', 'integer non velit donec diam', 'Suspendisse potenti. In eleifend quam a odio. In hac habitasse platea dictumst.', 'Charlie', 'Rebe', '2023-03-30 11:58:52', '2023-05-31 07:15:25');
insert into article (user_id, title, content, created_by, modified_by, created_at, modified_at) values ('jihoon', 'luctus et ultrices posuere cubilia', 'Praesent id massa id nisl venenatis lacinia. Aenean sit amet justo. Morbi ut odio.', 'Prinz', 'Nat', '2022-12-23 13:10:29', '2022-09-08 01:23:56');
insert into article (user_id, title, content, created_by, modified_by, created_at, modified_at) values ('jihoon', 'mi integer ac neque duis', 'Sed ante. Vivamus tortor. Duis mattis egestas metus.', 'Rosmunda', 'Donella', '2023-02-27 21:16:13', '2022-11-04 14:26:09');
insert into article (user_id, title, content, created_by, modified_by, created_at, modified_at) values ('uno2', 'convallis nulla neque', 'Nullam porttitor lacus at turpis. Donec posuere metus vitae ipsum. Aliquam non mauris.', 'Sayres', 'Brenda', '2022-11-12 13:12:22', '2023-05-05 20:13:49');
insert into article (user_id, title, content, created_by, modified_by, created_at, modified_at) values ('uno2', 'in quis justo maecenas rhoncus', 'In congue. Etiam justo. Etiam pretium iaculis justo.', 'Lilia', 'Kris', '2023-05-24 12:00:01', '2022-11-07 11:52:04');
insert into article (user_id, title, content, created_by, modified_by, created_at, modified_at) values ('jihoon', 'felis eu sapien cursus vestibulum proin', 'Morbi non lectus. Aliquam sit amet diam in magna bibendum imperdiet. Nullam orci pede, venenatis non, sodales sed, tincidunt eu, felis.', 'Stephanie', 'Cherey', '2023-03-07 02:50:44', '2023-06-20 15:46:39');
insert into article (user_id, title, content, created_by, modified_by, created_at, modified_at) values ('uno2', 'duis aliquam convallis nunc proin at turpis', 'Quisque porta volutpat erat. Quisque erat eros, viverra eget, congue eget, semper rutrum, nulla. Nunc purus.', 'Kathryn', 'Curr', '2022-11-12 11:10:32', '2022-11-05 23:13:45');
insert into article (user_id, title, content, created_by, modified_by, created_at, modified_at) values ('uno2', 'pede justo eu massa donec dapibus', 'In hac habitasse platea dictumst. Morbi vestibulum, velit id pretium iaculis, diam erat fermentum justo, nec condimentum neque sapien placerat ante. Nulla justo.', 'Debbie', 'Verina', '2022-09-25 11:10:44', '2022-12-02 08:44:22');
insert into article (user_id, title, content, created_by, modified_by, created_at, modified_at) values ('jihoon', 'pede libero quis orci', 'Integer tincidunt ante vel ipsum. Praesent blandit lacinia erat. Vestibulum sed magna at nunc commodo placerat.', 'Guntar', 'Gabbie', '2022-09-11 20:51:27', '2023-01-06 18:07:25');
insert into article (user_id, title, content, created_by, modified_by, created_at, modified_at) values ('uno2', 'lorem vitae mattis nibh ligula nec sem', 'Curabitur in libero ut massa volutpat convallis. Morbi odio odio, elementum eu, interdum eu, tincidunt in, leo. Maecenas pulvinar lobortis est.', 'Celia', 'Charleen', '2022-08-26 17:42:30', '2023-04-04 11:52:08');
insert into article (user_id, title, content, created_by, modified_by, created_at, modified_at) values ('jihoon', 'ut odio cras mi pede malesuada in', 'Praesent id massa id nisl venenatis lacinia. Aenean sit amet justo. Morbi ut odio.', 'Gardner', 'Tilda', '2022-12-19 19:59:35', '2023-02-03 00:21:31');
insert into article (user_id, title, content, created_by, modified_by, created_at, modified_at) values ('uno2', 'ante nulla justo aliquam quis', 'Curabitur in libero ut massa volutpat convallis. Morbi odio odio, elementum eu, interdum eu, tincidunt in, leo. Maecenas pulvinar lobortis est.', 'Cherrita', 'Theresa', '2023-02-15 22:09:00', '2023-02-03 17:45:25');
insert into article (user_id, title, content, created_by, modified_by, created_at, modified_at) values ('jihoon', 'in tempor turpis nec', 'Vestibulum ac est lacinia nisi venenatis tristique. Fusce congue, diam id ornare imperdiet, sapien urna pretium nisl, ut volutpat sapien arcu sed augue. Aliquam erat volutpat.', 'Hermia', 'Yolanthe', '2022-07-18 07:12:56', '2022-12-20 11:55:06');
insert into article (user_id, title, content, created_by, modified_by, created_at, modified_at) values ('uno2', 'dictumst maecenas ut massa quis', 'Suspendisse potenti. In eleifend quam a odio. In hac habitasse platea dictumst.', 'Davie', 'Evaleen', '2022-09-15 17:02:27', '2022-09-16 04:45:04');
insert into article (user_id, title, content, created_by, modified_by, created_at, modified_at) values ('jihoon', 'quis tortor id', 'Duis consequat dui nec nisi volutpat eleifend. Donec ut dolor. Morbi vel lectus in quam fringilla rhoncus.', 'Lowrance', 'Tommy', '2023-02-20 09:05:10', '2022-08-25 04:19:34');
insert into article (user_id, title, content, created_by, modified_by, created_at, modified_at) values ('jihoon', 'in eleifend quam', 'Aenean lectus. Pellentesque eget nunc. Donec quis orci eget orci vehicula condimentum.', 'Luciana', 'Yankee', '2023-04-06 23:31:03', '2022-10-23 07:49:10');
insert into article (user_id, title, content, created_by, modified_by, created_at, modified_at) values ('uno2', 'tortor sollicitudin mi', 'Phasellus in felis. Donec semper sapien a libero. Nam dui.', 'Felisha', 'Cordi', '2022-07-26 14:33:49', '2023-03-14 12:48:36');
insert into article (user_id, title, content, created_by, modified_by, created_at, modified_at) values ('jihoon', 'lacinia sapien quis libero', 'In sagittis dui vel nisl. Duis ac nibh. Fusce lacus purus, aliquet at, feugiat non, pretium quis, lectus.', 'Brien', 'Tymothy', '2023-06-20 23:54:11', '2022-10-06 17:19:02');
insert into article (user_id, title, content, created_by, modified_by, created_at, modified_at) values ('uno2', 'habitasse platea dictumst maecenas', 'Aliquam quis turpis eget elit sodales scelerisque. Mauris sit amet eros. Suspendisse accumsan tortor quis turpis.', 'Giuseppe', 'Haley', '2023-01-05 02:00:30', '2022-07-07 03:32:47');
insert into article (user_id, title, content, created_by, modified_by, created_at, modified_at) values ('jihoon', 'mauris ullamcorper purus sit amet', 'In congue. Etiam justo. Etiam pretium iaculis justo.', 'Karlis', 'Corny', '2022-07-15 04:53:16', '2022-10-30 04:08:26');
insert into article (user_id, title, content, created_by, modified_by, created_at, modified_at) values ('jihoon', 'pretium nisl ut volutpat sapien arcu', 'Proin eu mi. Nulla ac enim. In tempor, turpis nec euismod scelerisque, quam turpis adipiscing lorem, vitae mattis nibh ligula nec sem.', 'Eric', 'Agnella', '2022-09-21 19:28:09', '2023-05-04 00:45:33');
insert into article (user_id, title, content, created_by, modified_by, created_at, modified_at) values ('jihoon', 'nibh in quis justo maecenas rhoncus', 'Cum sociis natoque penatibus et magnis dis parturient montes, nascetur ridiculus mus. Vivamus vestibulum sagittis sapien. Cum sociis natoque penatibus et magnis dis parturient montes, nascetur ridiculus mus.', 'Nola', 'Vivianna', '2023-03-10 06:45:11', '2023-04-05 22:15:12');
insert into article (user_id, title, content, created_by, modified_by, created_at, modified_at) values ('jihoon', 'sagittis dui vel nisl', 'Sed ante. Vivamus tortor. Duis mattis egestas metus.', 'Lark', 'Nollie', '2023-01-23 01:50:25', '2022-08-30 15:11:24');
insert into article (user_id, title, content, created_by, modified_by, created_at, modified_at) values ('jihoon', 'interdum venenatis turpis', 'Phasellus sit amet erat. Nulla tempus. Vivamus in felis eu sapien cursus vestibulum.', 'Yorgo', 'Bonnee', '2023-01-16 08:06:40', '2022-12-10 07:37:43');
insert into article (user_id, title, content, created_by, modified_by, created_at, modified_at) values ('jihoon', 'curae donec pharetra magna vestibulum aliquet ultrices', 'Maecenas tristique, est et tempus semper, est quam pharetra magna, ac consequat metus sapien ut nunc. Vestibulum ante ipsum primis in faucibus orci luctus et ultrices posuere cubilia Curae; Mauris viverra diam vitae quam. Suspendisse potenti.', 'Cahra', 'Evanne', '2023-04-05 14:28:59', '2023-03-07 18:24:56');
insert into article (user_id, title, content, created_by, modified_by, created_at, modified_at) values ('uno2', 'ac leo pellentesque ultrices', 'In hac habitasse platea dictumst. Etiam faucibus cursus urna. Ut tellus.', 'Carmella', 'Fionna', '2022-08-30 13:50:49', '2022-12-23 23:02:10');
insert into article (user_id, title, content, created_by, modified_by, created_at, modified_at) values ('jihoon', 'ultrices vel augue vestibulum', 'Phasellus sit amet erat. Nulla tempus. Vivamus in felis eu sapien cursus vestibulum.', 'Novelia', 'Sosanna', '2022-11-11 14:10:39', '2022-07-12 08:04:46');
insert into article (user_id, title, content, created_by, modified_by, created_at, modified_at) values ('jihoon', 'in faucibus orci', 'Nulla ut erat id mauris vulputate elementum. Nullam varius. Nulla facilisi.', 'Zenia', 'Thia', '2022-12-23 07:26:47', '2022-10-04 07:34:14');
insert into article (user_id, title, content, created_by, modified_by, created_at, modified_at) values ('jihoon', 'vel augue vestibulum ante ipsum primis', 'Proin interdum mauris non ligula pellentesque ultrices. Phasellus id sapien in sapien iaculis congue. Vivamus metus arcu, adipiscing molestie, hendrerit at, vulputate vitae, nisl.', 'Melvyn', 'Humfrid', '2022-10-13 13:42:41', '2022-10-24 07:54:15');
insert into article (user_id, title, content, created_by, modified_by, created_at, modified_at) values ('jihoon', 'porttitor id consequat in consequat', 'Fusce posuere felis sed lacus. Morbi sem mauris, laoreet ut, rhoncus aliquet, pulvinar sed, nisl. Nunc rhoncus dui vel sem.', 'Anderson', 'Mathian', '2022-09-03 04:45:46', '2023-03-17 20:05:23');
insert into article (user_id, title, content, created_by, modified_by, created_at, modified_at) values ('jihoon', 'commodo placerat praesent', 'Integer ac leo. Pellentesque ultrices mattis odio. Donec vitae nisi.', 'Ryan', 'Ruthanne', '2022-12-06 22:24:42', '2023-02-26 04:32:07');
insert into article (user_id, title, content, created_by, modified_by, created_at, modified_at) values ('jihoon', 'amet turpis elementum', 'Sed ante. Vivamus tortor. Duis mattis egestas metus.', 'Drucy', 'Delinda', '2023-03-12 11:18:20', '2022-12-27 01:02:46');
insert into article (user_id, title, content, created_by, modified_by, created_at, modified_at) values ('uno2', 'primis in faucibus orci luctus', 'Maecenas ut massa quis augue luctus tincidunt. Nulla mollis molestie lorem. Quisque ut erat.', 'Zorina', 'Yasmeen', '2023-03-31 05:46:45', '2023-01-15 05:59:22');
insert into article (user_id, title, content, created_by, modified_by, created_at, modified_at) values ('uno2', 'eu sapien cursus vestibulum proin eu', 'Maecenas leo odio, condimentum id, luctus nec, molestie sed, justo. Pellentesque viverra pede ac diam. Cras pellentesque volutpat dui.', 'Tiffie', 'Danna', '2023-06-20 08:14:23', '2023-06-03 01:38:20');
insert into article (user_id, title, content, created_by, modified_by, created_at, modified_at) values ('jihoon', 'consequat dui nec nisi volutpat eleifend', 'Morbi non lectus. Aliquam sit amet diam in magna bibendum imperdiet. Nullam orci pede, venenatis non, sodales sed, tincidunt eu, felis.', 'Trace', 'Christie', '2023-01-11 00:06:50', '2023-03-19 05:06:02');
insert into article (user_id, title, content, created_by, modified_by, created_at, modified_at) values ('uno2', 'ornare consequat lectus in', 'Sed sagittis. Nam congue, risus semper porta volutpat, quam pede lobortis ligula, sit amet eleifend pede libero quis orci. Nullam molestie nibh in lectus.', 'Tisha', 'Cammy', '2022-07-26 23:02:51', '2023-01-07 05:13:03');
insert into article (user_id, title, content, created_by, modified_by, created_at, modified_at) values ('jihoon', 'tortor quis turpis sed ante vivamus tortor', 'Morbi porttitor lorem id ligula. Suspendisse ornare consequat lectus. In est risus, auctor sed, tristique in, tempus sit amet, sem.', 'Wilbert', 'Nikaniki', '2023-03-19 21:19:20', '2022-07-30 10:03:40');
insert into article (user_id, title, content, created_by, modified_by, created_at, modified_at) values ('uno2', 'aliquam non mauris', 'Proin eu mi. Nulla ac enim. In tempor, turpis nec euismod scelerisque, quam turpis adipiscing lorem, vitae mattis nibh ligula nec sem.', 'Jason', 'Shurwood', '2022-12-29 08:54:34', '2022-09-07 13:45:27');
insert into article (user_id, title, content, created_by, modified_by, created_at, modified_at) values ('jihoon', 'eget eleifend luctus', 'Nullam sit amet turpis elementum ligula vehicula consequat. Morbi a ipsum. Integer a nibh.', 'Thorstein', 'Charmaine', '2022-10-15 06:25:08', '2022-09-17 07:33:44');
insert into article (user_id, title, content, created_by, modified_by, created_at, modified_at) values ('jihoon', 'nisl venenatis lacinia aenean sit amet', 'Fusce posuere felis sed lacus. Morbi sem mauris, laoreet ut, rhoncus aliquet, pulvinar sed, nisl. Nunc rhoncus dui vel sem.', 'Savina', 'Horst', '2023-06-26 10:19:26', '2023-01-24 00:46:34');
insert into article (user_id, title, content, created_by, modified_by, created_at, modified_at) values ('jihoon', 'sed sagittis nam congue risus semper', 'Vestibulum quam sapien, varius ut, blandit non, interdum in, ante. Vestibulum ante ipsum primis in faucibus orci luctus et ultrices posuere cubilia Curae; Duis faucibus accumsan odio. Curabitur convallis.', 'Esmaria', 'Derward', '2022-07-27 06:25:35', '2023-05-23 22:44:41');
insert into article (user_id, title, content, created_by, modified_by, created_at, modified_at) values ('uno2', 'a nibh in', 'Morbi porttitor lorem id ligula. Suspendisse ornare consequat lectus. In est risus, auctor sed, tristique in, tempus sit amet, sem.', 'Wallis', 'Matthew', '2023-05-23 01:09:05', '2023-02-19 15:43:31');
insert into article (user_id, title, content, created_by, modified_by, created_at, modified_at) values ('uno2', 'sapien a libero nam', 'Aliquam quis turpis eget elit sodales scelerisque. Mauris sit amet eros. Suspendisse accumsan tortor quis turpis.', 'Findlay', 'Myrvyn', '2022-08-01 00:23:56', '2022-12-09 14:48:03');
insert into article (user_id, title, content, created_by, modified_by, created_at, modified_at) values ('jihoon', 'lacinia aenean sit amet justo morbi', 'Vestibulum ac est lacinia nisi venenatis tristique. Fusce congue, diam id ornare imperdiet, sapien urna pretium nisl, ut volutpat sapien arcu sed augue. Aliquam erat volutpat.', 'Tallie', 'Byram', '2022-12-22 10:22:24', '2022-09-24 07:58:43');
insert into article (user_id, title, content, created_by, modified_by, created_at, modified_at) values ('uno2', 'in consequat ut nulla', 'Morbi non lectus. Aliquam sit amet diam in magna bibendum imperdiet. Nullam orci pede, venenatis non, sodales sed, tincidunt eu, felis.', 'Koo', 'Gram', '2022-09-21 22:43:26', '2023-06-05 22:54:53');
insert into article (user_id, title, content, created_by, modified_by, created_at, modified_at) values ('uno2', 'bibendum imperdiet nullam orci pede venenatis', 'Phasellus sit amet erat. Nulla tempus. Vivamus in felis eu sapien cursus vestibulum.', 'Melitta', 'Tandie', '2023-05-04 15:30:29', '2022-11-16 17:38:35');
insert into article (user_id, title, content, created_by, modified_by, created_at, modified_at) values ('uno2', 'tristique fusce congue', 'Sed sagittis. Nam congue, risus semper porta volutpat, quam pede lobortis ligula, sit amet eleifend pede libero quis orci. Nullam molestie nibh in lectus.', 'Koral', 'Bette-ann', '2023-04-09 07:07:16', '2023-01-02 01:17:56');
insert into article (user_id, title, content, created_by, modified_by, created_at, modified_at) values ('uno2', 'ut massa volutpat convallis morbi', 'In hac habitasse platea dictumst. Etiam faucibus cursus urna. Ut tellus.', 'Carey', 'Kyla', '2023-04-29 23:30:48', '2023-01-30 10:45:45');
insert into article (user_id, title, content, created_by, modified_by, created_at, modified_at) values ('uno2', 'sapien non mi', 'Quisque porta volutpat erat. Quisque erat eros, viverra eget, congue eget, semper rutrum, nulla. Nunc purus.', 'Ignace', 'Rheta', '2022-08-31 01:13:31', '2023-01-02 11:32:59');
insert into article (user_id, title, content, created_by, modified_by, created_at, modified_at) values ('uno2', 'posuere cubilia curae', 'Duis bibendum. Morbi non quam nec dui luctus rutrum. Nulla tellus.', 'Vachel', 'Kerry', '2023-03-17 11:21:20', '2023-05-25 01:40:16');
insert into article (user_id, title, content, created_by, modified_by, created_at, modified_at) values ('uno2', 'vel pede morbi', 'Duis aliquam convallis nunc. Proin at turpis a pede posuere nonummy. Integer non velit.', 'Mikol', 'Ivy', '2022-07-14 18:32:47', '2022-12-24 06:54:55');
insert into article (user_id, title, content, created_by, modified_by, created_at, modified_at) values ('uno2', 'sit amet eleifend', 'Quisque id justo sit amet sapien dignissim vestibulum. Vestibulum ante ipsum primis in faucibus orci luctus et ultrices posuere cubilia Curae; Nulla dapibus dolor vel est. Donec odio justo, sollicitudin ut, suscipit a, feugiat et, eros.', 'Ira', 'Odey', '2023-02-13 09:31:45', '2023-03-28 20:14:41');
insert into article (user_id, title, content, created_by, modified_by, created_at, modified_at) values ('uno2', 'dapibus dolor vel est donec', 'Sed ante. Vivamus tortor. Duis mattis egestas metus.', 'Lishe', 'Zsa zsa', '2023-02-26 03:17:31', '2023-03-06 14:21:12');
insert into article (user_id, title, content, created_by, modified_by, created_at, modified_at) values ('uno2', 'risus auctor sed tristique in', 'Vestibulum quam sapien, varius ut, blandit non, interdum in, ante. Vestibulum ante ipsum primis in faucibus orci luctus et ultrices posuere cubilia Curae; Duis faucibus accumsan odio. Curabitur convallis.', 'Gerek', 'Guendolen', '2023-06-20 04:24:57', '2022-12-03 05:53:08');
insert into article (user_id, title, content, created_by, modified_by, created_at, modified_at) values ('jihoon', 'odio elementum eu interdum eu tincidunt in', 'In quis justo. Maecenas rhoncus aliquam lacus. Morbi quis tortor id nulla ultrices aliquet.', 'Desi', 'Alfredo', '2022-12-03 09:14:58', '2022-10-04 10:16:50');
insert into article (user_id, title, content, created_by, modified_by, created_at, modified_at) values ('jihoon', 'dui vel nisl duis ac nibh fusce', 'Proin interdum mauris non ligula pellentesque ultrices. Phasellus id sapien in sapien iaculis congue. Vivamus metus arcu, adipiscing molestie, hendrerit at, vulputate vitae, nisl.', 'Lemmy', 'Marv', '2023-03-21 16:20:38', '2022-11-01 20:33:08');
insert into article (user_id, title, content, created_by, modified_by, created_at, modified_at) values ('uno2', 'elit proin interdum mauris', 'Integer ac leo. Pellentesque ultrices mattis odio. Donec vitae nisi.', 'Nicholle', 'Burlie', '2022-09-25 14:05:36', '2022-11-09 06:01:53');
insert into article (user_id, title, content, created_by, modified_by, created_at, modified_at) values ('jihoon', 'vestibulum sit amet', 'In quis justo. Maecenas rhoncus aliquam lacus. Morbi quis tortor id nulla ultrices aliquet.', 'Karee', 'Ruthi', '2022-09-16 20:54:01', '2022-12-19 09:46:45');
insert into article (user_id, title, content, created_by, modified_by, created_at, modified_at) values ('jihoon', 'est congue elementum in hac habitasse platea', 'Curabitur gravida nisi at nibh. In hac habitasse platea dictumst. Aliquam augue quam, sollicitudin vitae, consectetuer eget, rutrum at, lorem.', 'Gibb', 'Eydie', '2023-03-21 10:47:39', '2022-12-11 13:57:57');
insert into article (user_id, title, content, created_by, modified_by, created_at, modified_at) values ('jihoon', 'tincidunt lacus at velit vivamus vel nulla', 'Nam ultrices, libero non mattis pulvinar, nulla pede ullamcorper augue, a suscipit nulla elit ac nulla. Sed vel enim sit amet nunc viverra dapibus. Nulla suscipit ligula in lacus.', 'Juliann', 'Gladi', '2022-11-10 10:10:42', '2023-01-03 23:09:50');
insert into article (user_id, title, content, created_by, modified_by, created_at, modified_at) values ('jihoon', 'placerat ante nulla', 'Fusce consequat. Nulla nisl. Nunc nisl.', 'Codi', 'Bobbi', '2022-11-16 17:04:20', '2022-09-08 17:14:20');
insert into article (user_id, title, content, created_by, modified_by, created_at, modified_at) values ('jihoon', 'metus arcu adipiscing molestie hendrerit at', 'Mauris enim leo, rhoncus sed, vestibulum sit amet, cursus id, turpis. Integer aliquet, massa id lobortis convallis, tortor risus dapibus augue, vel accumsan tellus nisi eu orci. Mauris lacinia sapien quis libero.', 'Shae', 'Muffin', '2022-12-17 00:58:56', '2023-05-31 15:57:28');
insert into article (user_id, title, content, created_by, modified_by, created_at, modified_at) values ('uno2', 'nec sem duis aliquam convallis nunc', 'Fusce posuere felis sed lacus. Morbi sem mauris, laoreet ut, rhoncus aliquet, pulvinar sed, nisl. Nunc rhoncus dui vel sem.', 'Parke', 'Lucien', '2023-01-21 20:55:54', '2022-10-13 11:35:55');
insert into article (user_id, title, content, created_by, modified_by, created_at, modified_at) values ('uno2', 'tortor risus dapibus augue', 'Aenean lectus. Pellentesque eget nunc. Donec quis orci eget orci vehicula condimentum.', 'Eugene', 'Judie', '2023-06-14 02:22:07', '2022-12-08 08:42:05');
insert into article (user_id, title, content, created_by, modified_by, created_at, modified_at) values ('uno2', 'erat nulla tempus', 'Duis bibendum, felis sed interdum venenatis, turpis enim blandit mi, in porttitor pede justo eu massa. Donec dapibus. Duis at velit eu est congue elementum.', 'Ashlie', 'Cristiano', '2023-06-19 22:32:34', '2022-12-04 21:19:17');
insert into article (user_id, title, content, created_by, modified_by, created_at, modified_at) values ('uno2', 'convallis nulla neque', 'Duis bibendum. Morbi non quam nec dui luctus rutrum. Nulla tellus.', 'Tito', 'Camala', '2023-04-07 23:34:03', '2023-01-20 14:23:11');

insert into hashtag (hashtag_name, created_at, modified_at, created_by, modified_by) values ('Blue', '2023-04-07 13:57:48', '2023-07-24 21:57:12', 'jihoon', 'uno');
insert into hashtag (hashtag_name, created_at, modified_at, created_by, modified_by) values ('Goldenrod', '2023-08-10 03:20:00', '2023-04-04 04:29:19', 'uno', 'jihoon');
insert into hashtag (hashtag_name, created_at, modified_at, created_by, modified_by) values ('Purple', '2023-03-03 11:20:47', '2023-06-25 14:44:59', 'jihoon', 'jihoon');
insert into hashtag (hashtag_name, created_at, modified_at, created_by, modified_by) values ('Green', '2023-08-07 23:55:19', '2023-06-15 01:57:25', 'uno', 'uno');
insert into hashtag (hashtag_name, created_at, modified_at, created_by, modified_by) values ('Teal', '2023-10-14 21:50:39', '2023-10-09 16:54:45', 'uno', 'jihoon');
insert into hashtag (hashtag_name, created_at, modified_at, created_by, modified_by) values ('Khaki', '2023-03-31 21:43:25', '2023-03-09 17:56:52', 'uno', 'uno');
insert into hashtag (hashtag_name, created_at, modified_at, created_by, modified_by) values ('Maroon', '2023-10-21 15:09:26', '2023-06-19 02:57:48', 'jihoon', 'jihoon');
insert into hashtag (hashtag_name, created_at, modified_at, created_by, modified_by) values ('Pink', '2024-01-12 07:18:10', '2023-06-14 13:08:21', 'jihoon', 'jihoon');
insert into hashtag (hashtag_name, created_at, modified_at, created_by, modified_by) values ('Red', '2024-01-04 13:01:35', '2023-05-09 11:59:45', 'uno', 'jihoon');
insert into hashtag (hashtag_name, created_at, modified_at, created_by, modified_by) values ('Puce', '2023-06-30 00:29:28', '2024-02-06 23:59:03', 'uno', 'jihoon');
insert into hashtag (hashtag_name, created_at, modified_at, created_by, modified_by) values ('Violet', '2023-02-24 22:29:32', '2023-04-21 05:04:28', 'jihoon', 'jihoon');
insert into hashtag (hashtag_name, created_at, modified_at, created_by, modified_by) values ('Aquamarine', '2023-04-19 13:20:10', '2023-06-10 16:57:39', 'uno', 'jihoon');
insert into hashtag (hashtag_name, created_at, modified_at, created_by, modified_by) values ('Indigo', '2024-02-04 12:21:36', '2023-07-31 23:42:16', 'jihoon', 'uno');
insert into hashtag (hashtag_name, created_at, modified_at, created_by, modified_by) values ('Mauv', '2023-05-22 00:45:56', '2023-09-26 07:15:13', 'uno', 'uno');
insert into hashtag (hashtag_name, created_at, modified_at, created_by, modified_by) values ('Orange', '2023-06-06 09:18:33', '2023-08-03 17:07:52', 'uno', 'uno');



insert into article_hashtag (article_id, hashtag_id) values (80, 12);
insert into article_hashtag (article_id, hashtag_id) values (96, 6);
insert into article_hashtag (article_id, hashtag_id) values (18, 4);
insert into article_hashtag (article_id, hashtag_id) values (28, 13);
insert into article_hashtag (article_id, hashtag_id) values (79, 4);
insert into article_hashtag (article_id, hashtag_id) values (97, 2);
insert into article_hashtag (article_id, hashtag_id) values (42, 1);
insert into article_hashtag (article_id, hashtag_id) values (50, 6);
insert into article_hashtag (article_id, hashtag_id) values (91, 4);
insert into article_hashtag (article_id, hashtag_id) values (37, 1);
insert into article_hashtag (article_id, hashtag_id) values (75, 15);
insert into article_hashtag (article_id, hashtag_id) values (90, 14);
insert into article_hashtag (article_id, hashtag_id) values (11, 10);
insert into article_hashtag (article_id, hashtag_id) values (60, 7);
insert into article_hashtag (article_id, hashtag_id) values (63, 4);
insert into article_hashtag (article_id, hashtag_id) values (98, 8);
insert into article_hashtag (article_id, hashtag_id) values (55, 9);
insert into article_hashtag (article_id, hashtag_id) values (20, 15);
insert into article_hashtag (article_id, hashtag_id) values (6, 3);
insert into article_hashtag (article_id, hashtag_id) values (72, 8);
insert into article_hashtag (article_id, hashtag_id) values (89, 7);
insert into article_hashtag (article_id, hashtag_id) values (64, 14);
insert into article_hashtag (article_id, hashtag_id) values (40, 4);
insert into article_hashtag (article_id, hashtag_id) values (69, 12);
insert into article_hashtag (article_id, hashtag_id) values (17, 2);
insert into article_hashtag (article_id, hashtag_id) values (37, 10);
insert into article_hashtag (article_id, hashtag_id) values (88, 11);
insert into article_hashtag (article_id, hashtag_id) values (8, 9);
insert into article_hashtag (article_id, hashtag_id) values (23, 13);
insert into article_hashtag (article_id, hashtag_id) values (56, 15);
insert into article_hashtag (article_id, hashtag_id) values (92, 12);
insert into article_hashtag (article_id, hashtag_id) values (33, 3);
insert into article_hashtag (article_id, hashtag_id) values (83, 6);
insert into article_hashtag (article_id, hashtag_id) values (15, 1);
insert into article_hashtag (article_id, hashtag_id) values (94, 15);
insert into article_hashtag (article_id, hashtag_id) values (62, 6);
insert into article_hashtag (article_id, hashtag_id) values (55, 14);
insert into article_hashtag (article_id, hashtag_id) values (71, 14);
insert into article_hashtag (article_id, hashtag_id) values (76, 1);
insert into article_hashtag (article_id, hashtag_id) values (23, 1);
insert into article_hashtag (article_id, hashtag_id) values (85, 14);
insert into article_hashtag (article_id, hashtag_id) values (26, 3);
insert into article_hashtag (article_id, hashtag_id) values (15, 9);
insert into article_hashtag (article_id, hashtag_id) values (30, 10);
insert into article_hashtag (article_id, hashtag_id) values (64, 3);
insert into article_hashtag (article_id, hashtag_id) values (77, 15);
insert into article_hashtag (article_id, hashtag_id) values (37, 11);
insert into article_hashtag (article_id, hashtag_id) values (39, 8);
insert into article_hashtag (article_id, hashtag_id) values (52, 12);
insert into article_hashtag (article_id, hashtag_id) values (51, 11);
insert into article_hashtag (article_id, hashtag_id) values (63, 2);
insert into article_hashtag (article_id, hashtag_id) values (79, 2);
insert into article_hashtag (article_id, hashtag_id) values (88, 8);
insert into article_hashtag (article_id, hashtag_id) values (51, 2);
insert into article_hashtag (article_id, hashtag_id) values (45, 11);
insert into article_hashtag (article_id, hashtag_id) values (58, 10);
insert into article_hashtag (article_id, hashtag_id) values (88, 9);
insert into article_hashtag (article_id, hashtag_id) values (13, 15);
insert into article_hashtag (article_id, hashtag_id) values (59, 7);
insert into article_hashtag (article_id, hashtag_id) values (85, 2);
insert into article_hashtag (article_id, hashtag_id) values (80, 13);
insert into article_hashtag (article_id, hashtag_id) values (67, 13);
insert into article_hashtag (article_id, hashtag_id) values (50, 4);
insert into article_hashtag (article_id, hashtag_id) values (68, 5);
insert into article_hashtag (article_id, hashtag_id) values (78, 6);
insert into article_hashtag (article_id, hashtag_id) values (26, 7);
insert into article_hashtag (article_id, hashtag_id) values (75, 10);
insert into article_hashtag (article_id, hashtag_id) values (18, 15);
insert into article_hashtag (article_id, hashtag_id) values (91, 15);
insert into article_hashtag (article_id, hashtag_id) values (50, 3);
insert into article_hashtag (article_id, hashtag_id) values (91, 14);
insert into article_hashtag (article_id, hashtag_id) values (79, 9);
insert into article_hashtag (article_id, hashtag_id) values (24, 6);
insert into article_hashtag (article_id, hashtag_id) values (73, 15);
insert into article_hashtag (article_id, hashtag_id) values (55, 3);
insert into article_hashtag (article_id, hashtag_id) values (91, 3);
insert into article_hashtag (article_id, hashtag_id) values (62, 13);
insert into article_hashtag (article_id, hashtag_id) values (48, 14);
insert into article_hashtag (article_id, hashtag_id) values (10, 8);
insert into article_hashtag (article_id, hashtag_id) values (56, 2);
insert into article_hashtag (article_id, hashtag_id) values (50, 14);
insert into article_hashtag (article_id, hashtag_id) values (58, 8);
insert into article_hashtag (article_id, hashtag_id) values (75, 8);
insert into article_hashtag (article_id, hashtag_id) values (84, 4);
insert into article_hashtag (article_id, hashtag_id) values (48, 6);
insert into article_hashtag (article_id, hashtag_id) values (68, 3);
insert into article_hashtag (article_id, hashtag_id) values (49, 5);
insert into article_hashtag (article_id, hashtag_id) values (53, 10);
insert into article_hashtag (article_id, hashtag_id) values (65, 12);
insert into article_hashtag (article_id, hashtag_id) values (93, 13);
insert into article_hashtag (article_id, hashtag_id) values (42, 4);
insert into article_hashtag (article_id, hashtag_id) values (68, 13);
insert into article_hashtag (article_id, hashtag_id) values (11, 8);
insert into article_hashtag (article_id, hashtag_id) values (82, 13);
insert into article_hashtag (article_id, hashtag_id) values (34, 7);
insert into article_hashtag (article_id, hashtag_id) values (8, 3);
insert into article_hashtag (article_id, hashtag_id) values (96, 1);


insert into article_comment (article_id, content, user_id, parent_comment_id, created_at, modified_at, created_by, modified_by) values (60, 'Sarena', 'jihoon', null, '2023-01-18 00:46:44', '2022-07-10 15:04:44', 'De witt', 'Matty');
insert into article_comment (article_id, content, user_id, parent_comment_id, created_at, modified_at, created_by, modified_by) values (8, 'Austin', 'jihoon', null, '2022-12-04 06:12:33', '2022-12-10 19:41:30', 'Berne', 'Maribel');
insert into article_comment (article_id, content, user_id, parent_comment_id, created_at, modified_at, created_by, modified_by) values (66, 'Melony', 'uno2', null, '2022-08-21 09:06:12', '2022-11-06 11:32:15', 'Orsola', 'Elnora');
insert into article_comment (article_id, content, user_id, parent_comment_id, created_at, modified_at, created_by, modified_by) values (65, 'Christen', 'uno2', null, '2022-07-26 09:23:56', '2022-08-13 20:33:04', 'Blair', 'Conni');
insert into article_comment (article_id, content, user_id, parent_comment_id, created_at, modified_at, created_by, modified_by) values (39, 'Remy', 'uno2', null, '2023-01-31 06:14:44', '2023-04-16 10:38:29', 'Prent', 'Caspar');
insert into article_comment (article_id, content, user_id, parent_comment_id, created_at, modified_at, created_by, modified_by) values (10, 'Bonnibelle', 'jihoon', null, '2023-03-15 21:12:57', '2023-04-13 16:10:47', 'Mattheus', 'Donall');
insert into article_comment (article_id, content, user_id, parent_comment_id, created_at, modified_at, created_by, modified_by) values (65, 'Peadar', 'jihoon', null, '2023-02-27 03:28:49', '2023-05-21 20:15:43', 'Fonz', 'Gideon');
insert into article_comment (article_id, content, user_id, parent_comment_id, created_at, modified_at, created_by, modified_by) values (20, 'Darby', 'jihoon', null, '2023-05-26 15:07:27', '2023-02-02 09:08:33', 'Packston', 'Karoline');
insert into article_comment (article_id, content, user_id, parent_comment_id, created_at, modified_at, created_by, modified_by) values (60, 'Elsey', 'uno2', null, '2023-05-26 07:32:56', '2022-09-21 15:01:28', 'Konstance', 'Sella');
insert into article_comment (article_id, content, user_id, parent_comment_id, created_at, modified_at, created_by, modified_by) values (77, 'Gabbi', 'uno2', null, '2023-04-20 00:05:09', '2022-08-16 18:10:44', 'Enrika', 'Gianna');
insert into article_comment (article_id, content, user_id, parent_comment_id, created_at, modified_at, created_by, modified_by) values (72, 'Meridith', 'jihoon', null, '2022-12-03 22:56:51', '2023-06-02 19:26:35', 'Gavin', 'Emlen');
insert into article_comment (article_id, content, user_id, parent_comment_id, created_at, modified_at, created_by, modified_by) values (66, 'Sheridan', 'uno2', null, '2022-09-18 17:33:25', '2022-08-21 08:07:39', 'Heriberto', 'Cordell');
insert into article_comment (article_id, content, user_id, parent_comment_id, created_at, modified_at, created_by, modified_by) values (99, 'Dante', 'jihoon', null, '2022-08-14 11:30:06', '2022-08-25 01:26:43', 'Nerti', 'Elia');
insert into article_comment (article_id, content, user_id, parent_comment_id, created_at, modified_at, created_by, modified_by) values (98, 'Wes', 'uno2', null, '2023-02-08 22:50:21', '2023-06-29 05:10:54', 'Delilah', 'Bernadine');
insert into article_comment (article_id, content, user_id, parent_comment_id, created_at, modified_at, created_by, modified_by) values (64, 'Lotte', 'jihoon', null, '2023-05-30 11:41:40', '2023-04-21 17:33:48', 'Zelig', 'Bab');
insert into article_comment (article_id, content, user_id, parent_comment_id, created_at, modified_at, created_by, modified_by) values (56, 'Lamont', 'jihoon', null, '2023-03-12 08:27:10', '2023-01-13 09:00:53', 'Camille', 'Rossie');
insert into article_comment (article_id, content, user_id, parent_comment_id, created_at, modified_at, created_by, modified_by) values (9, 'Paddy', 'jihoon', null, '2023-06-26 18:09:15', '2023-06-04 18:19:39', 'Rutter', 'Noami');
insert into article_comment (article_id, content, user_id, parent_comment_id, created_at, modified_at, created_by, modified_by) values (24, 'Crosby', 'uno2', null, '2022-11-23 07:10:14', '2023-02-13 18:56:20', 'Rafaelita', 'Mandy');
insert into article_comment (article_id, content, user_id, parent_comment_id, created_at, modified_at, created_by, modified_by) values (3, 'Judi', 'jihoon', null, '2022-08-19 06:45:59', '2023-02-02 23:50:05', 'Alayne', 'Teirtza');
insert into article_comment (article_id, content, user_id, parent_comment_id, created_at, modified_at, created_by, modified_by) values (43, 'Dewey', 'uno2', null, '2022-11-20 14:40:35', '2022-09-01 12:23:19', 'Urban', 'Lanny');
insert into article_comment (article_id, content, user_id, parent_comment_id, created_at, modified_at, created_by, modified_by) values (61, 'Dulcia', 'uno2', null, '2022-10-13 14:05:09', '2022-11-14 17:38:38', 'Garry', 'Ruthanne');
insert into article_comment (article_id, content, user_id, parent_comment_id, created_at, modified_at, created_by, modified_by) values (54, 'Ted', 'jihoon', null, '2022-08-10 09:44:46', '2023-05-08 06:24:44', 'Fields', 'Neal');
insert into article_comment (article_id, content, user_id, parent_comment_id, created_at, modified_at, created_by, modified_by) values (62, 'Wyatt', 'jihoon', null, '2022-07-27 08:13:26', '2023-05-17 22:29:53', 'Richard', 'Ardith');
insert into article_comment (article_id, content, user_id, parent_comment_id, created_at, modified_at, created_by, modified_by) values (16, 'Dermot', 'uno2', null, '2023-02-16 08:13:16', '2023-02-19 20:42:36', 'Petronella', 'Sarajane');
insert into article_comment (article_id, content, user_id, parent_comment_id, created_at, modified_at, created_by, modified_by) values (5, 'Aretha', 'jihoon', null, '2023-01-31 06:52:52', '2022-12-15 14:04:07', 'Merline', 'Tannie');
insert into article_comment (article_id, content, user_id, parent_comment_id, created_at, modified_at, created_by, modified_by) values (65, 'Vanya', 'uno2', null, '2022-08-01 01:41:21', '2023-04-19 13:55:08', 'Ellerey', 'Ardelis');
insert into article_comment (article_id, content, user_id, parent_comment_id, created_at, modified_at, created_by, modified_by) values (4, 'Seana', 'jihoon', null, '2022-09-27 10:39:19', '2023-03-14 13:52:15', 'Zoe', 'Simonette');
insert into article_comment (article_id, content, user_id, parent_comment_id, created_at, modified_at, created_by, modified_by) values (84, 'Nickey', 'jihoon', null, '2023-02-22 06:35:16', '2023-06-17 14:36:59', 'Michal', 'Erma');
insert into article_comment (article_id, content, user_id, parent_comment_id, created_at, modified_at, created_by, modified_by) values (54, 'Gregg', 'uno2', null, '2023-05-20 12:18:28', '2022-07-28 07:14:11', 'Sofia', 'Sandor');
insert into article_comment (article_id, content, user_id, parent_comment_id, created_at, modified_at, created_by, modified_by) values (6, 'Gabriel', 'uno2', null, '2023-02-12 23:57:56', '2023-03-10 03:13:52', 'Di', 'Aurel');
insert into article_comment (article_id, content, user_id, parent_comment_id, created_at, modified_at, created_by, modified_by) values (49, 'Alex', 'jihoon', null, '2023-01-21 18:57:47', '2023-03-14 17:51:30', 'Allister', 'Munroe');
insert into article_comment (article_id, content, user_id, parent_comment_id, created_at, modified_at, created_by, modified_by) values (66, 'Linda', 'jihoon', null, '2022-08-09 11:05:27', '2023-04-27 17:32:55', 'Ola', 'Britt');
insert into article_comment (article_id, content, user_id, parent_comment_id, created_at, modified_at, created_by, modified_by) values (66, 'Lezlie', 'uno2', null, '2022-09-19 21:22:12', '2022-07-13 14:07:32', 'Jobyna', 'Kassi');
insert into article_comment (article_id, content, user_id, parent_comment_id, created_at, modified_at, created_by, modified_by) values (98, 'Jesus', 'jihoon', null, '2022-09-17 13:29:07', '2023-02-24 22:55:53', 'Aguste', 'Tybalt');
insert into article_comment (article_id, content, user_id, parent_comment_id, created_at, modified_at, created_by, modified_by) values (89, 'Lelah', 'jihoon', null, '2023-06-17 22:25:23', '2023-04-01 02:37:02', 'Trent', 'Phyllida');
insert into article_comment (article_id, content, user_id, parent_comment_id, created_at, modified_at, created_by, modified_by) values (100, 'Greg', 'uno2', null, '2022-09-21 11:37:58', '2022-12-23 12:44:29', 'Lyn', 'Serene');
insert into article_comment (article_id, content, user_id, parent_comment_id, created_at, modified_at, created_by, modified_by) values (75, 'Vivien', 'jihoon', null, '2023-05-15 10:22:56', '2023-03-27 15:15:25', 'Eberhard', 'Giffer');
insert into article_comment (article_id, content, user_id, parent_comment_id, created_at, modified_at, created_by, modified_by) values (71, 'Barbaraanne', 'jihoon', null, '2023-03-28 19:12:39', '2022-09-01 23:08:52', 'Hermia', 'Olenka');
insert into article_comment (article_id, content, user_id, parent_comment_id, created_at, modified_at, created_by, modified_by) values (39, 'Lyndy', 'uno2', null, '2023-03-27 19:21:08', '2023-05-30 15:18:45', 'Trina', 'Fonsie');
insert into article_comment (article_id, content, user_id, parent_comment_id, created_at, modified_at, created_by, modified_by) values (94, 'Allie', 'uno2', null, '2023-05-17 22:58:44', '2022-09-28 12:27:36', 'Lesley', 'Bernie');
insert into article_comment (article_id, content, user_id, parent_comment_id, created_at, modified_at, created_by, modified_by) values (10, 'Early', 'jihoon', null, '2022-12-09 10:51:49', '2023-06-22 21:02:03', 'Vittorio', 'Patsy');
insert into article_comment (article_id, content, user_id, parent_comment_id, created_at, modified_at, created_by, modified_by) values (34, 'Murdoch', 'uno2', null, '2023-05-09 09:23:00', '2022-11-05 07:17:13', 'Merl', 'Vonny');
insert into article_comment (article_id, content, user_id, parent_comment_id, created_at, modified_at, created_by, modified_by) values (11, 'Christalle', 'uno2', null, '2023-03-03 03:57:43', '2022-10-09 11:48:19', 'Leia', 'Almira');
insert into article_comment (article_id, content, user_id, parent_comment_id, created_at, modified_at, created_by, modified_by) values (88, 'Rocky', 'jihoon', null, '2023-05-29 22:44:30', '2022-09-03 11:11:14', 'Eyde', 'Morganica');
insert into article_comment (article_id, content, user_id, parent_comment_id, created_at, modified_at, created_by, modified_by) values (29, 'Wendye', 'uno2', null, '2023-01-21 13:42:11', '2023-05-15 08:45:46', 'Nadia', 'Horatius');
insert into article_comment (article_id, content, user_id, parent_comment_id, created_at, modified_at, created_by, modified_by) values (95, 'Talyah', 'uno2', null, '2022-10-02 09:09:46', '2023-05-23 06:14:49', 'Dasi', 'Shelley');
insert into article_comment (article_id, content, user_id, parent_comment_id, created_at, modified_at, created_by, modified_by) values (28, 'Lisbeth', 'uno2', null, '2023-05-18 16:20:22', '2023-02-03 03:26:28', 'Haleigh', 'Mikol');
insert into article_comment (article_id, content, user_id, parent_comment_id, created_at, modified_at, created_by, modified_by) values (67, 'Isaiah', 'uno2', null, '2022-10-02 02:11:42', '2022-11-17 05:55:58', 'Biron', 'Agneta');
insert into article_comment (article_id, content, user_id, parent_comment_id, created_at, modified_at, created_by, modified_by) values (74, 'Lianna', 'jihoon', null, '2022-11-25 20:18:17', '2023-04-16 16:08:11', 'Rodolphe', 'Peder');
insert into article_comment (article_id, content, user_id, parent_comment_id, created_at, modified_at, created_by, modified_by) values (80, 'Malynda', 'uno2', null, '2023-04-15 13:08:34', '2023-06-30 19:12:04', 'Durward', 'Fidole');
insert into article_comment (article_id, content, user_id, parent_comment_id, created_at, modified_at, created_by, modified_by) values (3, 'Gerty', 'uno2', null, '2022-09-10 17:35:16', '2023-03-04 16:23:33', 'Justin', 'Noami');
insert into article_comment (article_id, content, user_id, parent_comment_id, created_at, modified_at, created_by, modified_by) values (13, 'Starlin', 'jihoon', null, '2022-11-08 10:25:57', '2023-06-16 15:29:27', 'Keriann', 'Meagan');
insert into article_comment (article_id, content, user_id, parent_comment_id, created_at, modified_at, created_by, modified_by) values (18, 'Nelia', 'jihoon', null, '2023-05-25 19:16:59', '2023-05-21 15:14:33', 'Bradney', 'Leelah');
insert into article_comment (article_id, content, user_id, parent_comment_id, created_at, modified_at, created_by, modified_by) values (38, 'Ainsley', 'uno2', null, '2023-03-11 03:52:34', '2023-05-24 16:47:28', 'Fairfax', 'Cornall');
insert into article_comment (article_id, content, user_id, parent_comment_id, created_at, modified_at, created_by, modified_by) values (17, 'Gipsy', 'jihoon', null, '2023-01-31 10:26:48', '2022-07-01 21:02:56', 'Suzi', 'Marwin');
insert into article_comment (article_id, content, user_id, parent_comment_id, created_at, modified_at, created_by, modified_by) values (66, 'Windham', 'jihoon', null, '2023-02-24 03:44:46', '2022-10-31 23:03:45', 'Pamela', 'Tana');
insert into article_comment (article_id, content, user_id, parent_comment_id, created_at, modified_at, created_by, modified_by) values (3, 'Brocky', 'uno2', null, '2023-04-21 01:06:24', '2023-05-16 20:19:01', 'Emmye', 'Bear');
insert into article_comment (article_id, content, user_id, parent_comment_id, created_at, modified_at, created_by, modified_by) values (72, 'Thorvald', 'uno2', null, '2022-09-19 07:00:14', '2023-05-03 13:41:34', 'Anthiathia', 'Cecil');
insert into article_comment (article_id, content, user_id, parent_comment_id, created_at, modified_at, created_by, modified_by) values (95, 'Perle', 'uno2', null, '2022-08-25 18:20:29', '2023-02-19 23:25:19', 'Orsola', 'Leonidas');
insert into article_comment (article_id, content, user_id, parent_comment_id, created_at, modified_at, created_by, modified_by) values (14, 'Odie', 'uno2', null, '2022-10-11 22:38:23', '2023-01-23 14:01:30', 'Kali', 'Callie');
insert into article_comment (article_id, content, user_id, parent_comment_id, created_at, modified_at, created_by, modified_by) values (12, 'Ysabel', 'uno2', null, '2022-11-10 03:26:27', '2022-11-30 00:45:32', 'Gene', 'Viviyan');
insert into article_comment (article_id, content, user_id, parent_comment_id, created_at, modified_at, created_by, modified_by) values (63, 'Noell', 'jihoon', null, '2023-06-13 16:46:39', '2022-10-27 06:20:45', 'Mata', 'Eldredge');
insert into article_comment (article_id, content, user_id, parent_comment_id, created_at, modified_at, created_by, modified_by) values (5, 'Arte', 'jihoon', null, '2023-01-28 12:04:15', '2023-03-03 18:55:01', 'Derrick', 'Arlen');
insert into article_comment (article_id, content, user_id, parent_comment_id, created_at, modified_at, created_by, modified_by) values (78, 'Rene', 'uno2', null, '2022-07-01 00:04:33', '2022-11-19 21:46:25', 'Spenser', 'Waldo');
insert into article_comment (article_id, content, user_id, parent_comment_id, created_at, modified_at, created_by, modified_by) values (18, 'Shaylyn', 'jihoon', null, '2023-05-25 00:42:37', '2023-06-26 21:29:41', 'Leonelle', 'Mame');
insert into article_comment (article_id, content, user_id, parent_comment_id, created_at, modified_at, created_by, modified_by) values (93, 'Cathrin', 'uno2', null, '2023-03-18 05:42:47', '2022-12-12 18:12:06', 'Gratia', 'Beau');
insert into article_comment (article_id, content, user_id, parent_comment_id, created_at, modified_at, created_by, modified_by) values (79, 'Maurits', 'uno2', null, '2023-03-10 09:04:27', '2023-05-28 20:42:15', 'Tisha', 'Nani');
insert into article_comment (article_id, content, user_id, parent_comment_id, created_at, modified_at, created_by, modified_by) values (86, 'Marleah', 'uno2', null, '2023-05-03 10:43:53', '2023-05-31 10:52:35', 'Gregoire', 'Erminie');
insert into article_comment (article_id, content, user_id, parent_comment_id, created_at, modified_at, created_by, modified_by) values (79, 'Maurie', 'uno2', null, '2022-10-23 08:01:40', '2022-10-10 01:33:32', 'Aubrey', 'Leodora');
insert into article_comment (article_id, content, user_id, parent_comment_id, created_at, modified_at, created_by, modified_by) values (93, 'Dagny', 'uno2', null, '2023-03-07 14:40:13', '2022-11-11 16:07:41', 'Findlay', 'Constantin');
insert into article_comment (article_id, content, user_id, parent_comment_id, created_at, modified_at, created_by, modified_by) values (75, 'Conway', 'jihoon', null, '2023-05-13 18:15:36', '2022-10-07 13:32:37', 'Malena', 'Silvan');
insert into article_comment (article_id, content, user_id, parent_comment_id, created_at, modified_at, created_by, modified_by) values (99, 'Rosalind', 'jihoon', null, '2022-12-05 01:44:24', '2023-05-06 04:45:27', 'Kippy', 'Latisha');
insert into article_comment (article_id, content, user_id, parent_comment_id, created_at, modified_at, created_by, modified_by) values (99, 'Fabe', 'uno2', null, '2022-09-20 09:13:43', '2023-06-18 15:50:41', 'Caspar', 'Titos');
insert into article_comment (article_id, content, user_id, parent_comment_id, created_at, modified_at, created_by, modified_by) values (19, 'Patricio', 'jihoon', null, '2023-06-16 22:10:15', '2022-11-21 17:17:43', 'Sunny', 'Darwin');
insert into article_comment (article_id, content, user_id, parent_comment_id, created_at, modified_at, created_by, modified_by) values (47, 'Philippa', 'jihoon', null, '2023-02-10 18:21:07', '2023-01-02 16:08:50', 'Jeni', 'Arlin');
insert into article_comment (article_id, content, user_id, parent_comment_id, created_at, modified_at, created_by, modified_by) values (75, 'Angelico', 'uno2', null, '2023-06-15 16:33:37', '2023-05-29 14:31:46', 'Rachele', 'Johnath');
insert into article_comment (article_id, content, user_id, parent_comment_id, created_at, modified_at, created_by, modified_by) values (41, 'Horatio', 'jihoon', null, '2023-06-07 08:04:21', '2022-07-06 03:49:26', 'Rhoda', 'Elysha');
insert into article_comment (article_id, content, user_id, parent_comment_id, created_at, modified_at, created_by, modified_by) values (4, 'Babs', 'uno2', null, '2023-04-11 19:38:36', '2023-05-12 05:21:41', 'Vince', 'Brandice');
insert into article_comment (article_id, content, user_id, parent_comment_id, created_at, modified_at, created_by, modified_by) values (42, 'Frankie', 'uno2', null, '2022-09-27 06:36:12', '2023-02-14 21:53:19', 'Elly', 'Jolie');
insert into article_comment (article_id, content, user_id, parent_comment_id, created_at, modified_at, created_by, modified_by) values (39, 'Dirk', 'jihoon', null, '2022-11-09 13:45:46', '2022-12-01 17:00:00', 'Dedra', 'Candy');
insert into article_comment (article_id, content, user_id, parent_comment_id, created_at, modified_at, created_by, modified_by) values (69, 'Nertie', 'jihoon', null, '2023-04-02 13:58:36', '2023-05-09 09:55:30', 'Mill', 'Hugues');
insert into article_comment (article_id, content, user_id, parent_comment_id, created_at, modified_at, created_by, modified_by) values (3, 'Merry', 'jihoon', null, '2022-07-13 14:28:23', '2023-05-27 18:06:09', 'Hiram', 'Caryl');
insert into article_comment (article_id, content, user_id, parent_comment_id, created_at, modified_at, created_by, modified_by) values (17, 'Sybila', 'uno2', null, '2022-08-05 12:40:24', '2023-02-28 19:05:36', 'Rubina', 'Clarinda');
insert into article_comment (article_id, content, user_id, parent_comment_id, created_at, modified_at, created_by, modified_by) values (40, 'Monica', 'jihoon', null, '2023-02-16 14:19:09', '2023-05-07 10:41:27', 'Chic', 'Jameson');
insert into article_comment (article_id, content, user_id, parent_comment_id, created_at, modified_at, created_by, modified_by) values (44, 'Vaclav', 'uno2', null, '2023-01-31 19:38:36', '2023-03-10 00:18:38', 'Cheri', 'Fremont');
insert into article_comment (article_id, content, user_id, parent_comment_id, created_at, modified_at, created_by, modified_by) values (49, 'Gwenneth', 'uno2', null, '2022-11-07 21:36:28', '2022-10-24 19:13:55', 'Jecho', 'Brynn');
insert into article_comment (article_id, content, user_id, parent_comment_id, created_at, modified_at, created_by, modified_by) values (12, 'Olvan', 'jihoon', null, '2022-08-31 10:10:51', '2023-04-23 18:45:54', 'Madella', 'Regina');
insert into article_comment (article_id, content, user_id, parent_comment_id, created_at, modified_at, created_by, modified_by) values (48, 'Celestine', 'jihoon', null, '2022-10-18 13:10:10', '2022-10-29 22:14:31', 'Aundrea', 'Stern');
insert into article_comment (article_id, content, user_id, parent_comment_id, created_at, modified_at, created_by, modified_by) values (55, 'Tersina', 'jihoon', null, '2023-02-08 05:08:19', '2023-03-24 16:25:24', 'Nikkie', 'Robbie');
insert into article_comment (article_id, content, user_id, parent_comment_id, created_at, modified_at, created_by, modified_by) values (77, 'Bidget', 'jihoon', null, '2022-10-21 22:36:48', '2022-09-19 13:48:00', 'Maurie', 'Courtenay');
insert into article_comment (article_id, content, user_id, parent_comment_id, created_at, modified_at, created_by, modified_by) values (60, 'Tanya', 'uno2', null, '2023-04-20 12:31:34', '2022-10-23 19:43:29', 'Ware', 'Kimberley');
insert into article_comment (article_id, content, user_id, parent_comment_id, created_at, modified_at, created_by, modified_by) values (30, 'Ethelbert', 'jihoon', null, '2022-12-14 16:45:51', '2022-12-02 09:10:15', 'Ahmad', 'Vidovic');
insert into article_comment (article_id, content, user_id, parent_comment_id, created_at, modified_at, created_by, modified_by) values (97, 'Martynne', 'uno2', null, '2022-11-07 23:01:08', '2022-12-23 07:51:11', 'Babita', 'Hephzibah');
insert into article_comment (article_id, content, user_id, parent_comment_id, created_at, modified_at, created_by, modified_by) values (30, 'Cathlene', 'uno2', null, '2022-09-04 18:53:46', '2023-06-15 17:45:27', 'Toma', 'Babb');
insert into article_comment (article_id, content, user_id, parent_comment_id, created_at, modified_at, created_by, modified_by) values (83, 'Catlee', 'jihoon', null, '2022-12-26 15:11:25', '2023-06-16 20:34:23', 'Igor', 'Osborn');
insert into article_comment (article_id, content, user_id, parent_comment_id, created_at, modified_at, created_by, modified_by) values (51, 'Gareth', 'jihoon', null, '2023-06-07 04:09:45', '2023-02-07 10:24:39', 'Stephan', 'Almeria');
insert into article_comment (article_id, content, user_id, parent_comment_id, created_at, modified_at, created_by, modified_by) values (48, 'Ray', 'jihoon', null, '2023-02-27 01:03:21', '2023-01-15 20:01:44', 'Michaelina', 'Saxon');
insert into article_comment (article_id, content, user_id, parent_comment_id, created_at, modified_at, created_by, modified_by) values (30, 'Bax', 'jihoon', null, '2022-08-01 12:24:34', '2022-08-23 11:52:00', 'Zorine', 'Lilith');
insert into article_comment (article_id, content, user_id, parent_comment_id, created_at, modified_at, created_by, modified_by) values (81, 'Murray', 'jihoon', null, '2023-04-30 05:17:59', '2022-07-05 07:30:53', 'Terri-jo', 'Malorie');
insert into article_comment (article_id, content, user_id, parent_comment_id, created_at, modified_at, created_by, modified_by) values (19, 'Corny', 'uno2', null, '2023-05-25 09:02:04', '2023-05-15 14:50:01', 'Chaddie', 'Lawry');


insert into article_comment (article_id, user_id, parent_comment_id, content, created_at, modified_at, created_by, modified_by) values (49, 'jihoon', 1, '~', '2021-03-02 22:40:04', '2021-04-27 15:38:09', 'Uno', 'Uno');
insert into article_comment (article_id, user_id, parent_comment_id, content, created_at, modified_at, created_by, modified_by) values (49, 'uno2', 1, '~', '2021-03-03 22:40:04', '2021-04-27 15:38:09', 'Uno2', 'Uno2');
insert into article_comment (article_id, user_id, parent_comment_id, content, created_at, modified_at, created_by, modified_by) values (49, 'jihoon', 1, ' ~', '2021-03-04 22:40:04', '2021-04-27 15:38:09', 'Uno', 'Uno');
insert into article_comment (article_id, user_id, parent_comment_id, content, created_at, modified_at, created_by, modified_by) values (49, 'uno2', 1, ' ~', '2021-03-05 22:40:04', '2021-04-27 15:38:09', 'Uno', 'Uno');

