insert into user_account (user_id, user_password, nickname, email, memo, created_at, created_by, modified_at, modified_by) values
('jihoon', 'asdf1234', 'Jihoon', 'jihoon@mail.com', 'I am JiHoon.', now(), 'jihoon', now(), 'jihoon')
;
insert into user_account (user_id, user_password, nickname, email, memo, created_at, created_by, modified_at, modified_by) values
('uno2', 'asdf1234', 'Uno2', 'uno2@mail.com', 'I am Uno2.', now(), 'uno2', now(), 'uno2')
;

insert into article (id, user_id, title, content, hashtag, created_by, modified_by, created_at, modified_at) values (1, 'uno2', 'mauris sit amet eros suspendisse accumsan tortor', 'Duis consequat dui nec nisi volutpat eleifend. Donec ut dolor. Morbi vel lectus in quam fringilla rhoncus.', 'Green', 'Bradney', 'Corena', '2022-10-17 14:39:31', '2022-08-11 03:01:19');
insert into article (id, user_id, title, content, hashtag, created_by, modified_by, created_at, modified_at) values (2, 'uno2', 'sapien varius ut', 'Nullam porttitor lacus at turpis. Donec posuere metus vitae ipsum. Aliquam non mauris.', 'Orange', 'Madelena', 'Lynnea', '2022-09-16 02:52:55', '2022-10-18 10:40:39');
insert into article (id, user_id, title, content, hashtag, created_by, modified_by, created_at, modified_at) values (3, 'jihoon', 'odio consequat varius integer ac', 'Nam ultrices, libero non mattis pulvinar, nulla pede ullamcorper augue, a suscipit nulla elit ac nulla. Sed vel enim sit amet nunc viverra dapibus. Nulla suscipit ligula in lacus.', 'Purple', 'Opaline', 'Chickie', '2023-06-21 09:28:20', '2022-11-06 22:35:40');
insert into article (id, user_id, title, content, hashtag, created_by, modified_by, created_at, modified_at) values (4, 'jihoon', 'erat vestibulum sed', 'Suspendisse potenti. In eleifend quam a odio. In hac habitasse platea dictumst.', 'Yellow', 'Gideon', 'Basile', '2022-11-16 03:17:53', '2022-11-16 14:56:56');
insert into article (id, user_id, title, content, hashtag, created_by, modified_by, created_at, modified_at) values (5, 'jihoon', 'erat curabitur gravida nisi at nibh', 'Sed ante. Vivamus tortor. Duis mattis egestas metus.', 'Turquoise', 'Donnajean', 'Maridel', '2022-07-22 09:00:37', '2023-04-04 14:48:24');
insert into article (id, user_id, title, content, hashtag, created_by, modified_by, created_at, modified_at) values (6, 'uno2', 'felis donec semper sapien a libero', 'Duis aliquam convallis nunc. Proin at turpis a pede posuere nonummy. Integer non velit.', 'Teal', 'Renard', 'Vivi', '2022-09-24 17:29:52', '2022-11-30 09:43:32');
insert into article (id, user_id, title, content, hashtag, created_by, modified_by, created_at, modified_at) values (7, 'jihoon', 'justo etiam pretium iaculis justo in', 'Maecenas tristique, est et tempus semper, est quam pharetra magna, ac consequat metus sapien ut nunc. Vestibulum ante ipsum primis in faucibus orci luctus et ultrices posuere cubilia Curae; Mauris viverra diam vitae quam. Suspendisse potenti.', null, 'Terrell', 'Lianne', '2023-02-06 23:36:52', '2023-01-12 23:15:37');
insert into article (id, user_id, title, content, hashtag, created_by, modified_by, created_at, modified_at) values (8, 'uno2', 'convallis duis consequat dui', 'Curabitur gravida nisi at nibh. In hac habitasse platea dictumst. Aliquam augue quam, sollicitudin vitae, consectetuer eget, rutrum at, lorem.', null, 'Sky', 'Kerry', '2022-08-10 15:39:43', '2023-01-25 17:38:21');
insert into article (id, user_id, title, content, hashtag, created_by, modified_by, created_at, modified_at) values (9, 'uno2', 'et magnis dis parturient', 'Curabitur gravida nisi at nibh. In hac habitasse platea dictumst. Aliquam augue quam, sollicitudin vitae, consectetuer eget, rutrum at, lorem.', 'Indigo', 'Rudy', 'Hobey', '2022-09-27 13:59:08', '2023-06-15 07:23:40');
insert into article (id, user_id, title, content, hashtag, created_by, modified_by, created_at, modified_at) values (10, 'jihoon', 'sapien in sapien iaculis congue vivamus metus', 'Vestibulum quam sapien, varius ut, blandit non, interdum in, ante. Vestibulum ante ipsum primis in faucibus orci luctus et ultrices posuere cubilia Curae; Duis faucibus accumsan odio. Curabitur convallis.', null, 'Adriaens', 'Cross', '2023-05-15 22:52:00', '2023-05-11 19:34:25');
insert into article (id, user_id, title, content, hashtag, created_by, modified_by, created_at, modified_at) values (11, 'uno2', 'consequat nulla nisl', 'Morbi porttitor lorem id ligula. Suspendisse ornare consequat lectus. In est risus, auctor sed, tristique in, tempus sit amet, sem.', 'Fuscia', 'Thomasin', 'Constantina', '2023-02-11 18:24:29', '2023-06-13 16:25:03');
insert into article (id, user_id, title, content, hashtag, created_by, modified_by, created_at, modified_at) values (12, 'jihoon', 'pellentesque eget nunc donec quis orci eget', 'Aenean lectus. Pellentesque eget nunc. Donec quis orci eget orci vehicula condimentum.', 'Puce', 'Giulietta', 'Noelle', '2022-08-04 09:43:58', '2022-12-08 14:32:59');
insert into article (id, user_id, title, content, hashtag, created_by, modified_by, created_at, modified_at) values (13, 'jihoon', 'leo maecenas pulvinar lobortis est phasellus sit', 'Vestibulum quam sapien, varius ut, blandit non, interdum in, ante. Vestibulum ante ipsum primis in faucibus orci luctus et ultrices posuere cubilia Curae; Duis faucibus accumsan odio. Curabitur convallis.', 'Mauv', 'Storm', 'Raffaello', '2023-02-06 18:28:20', '2022-08-31 13:55:26');
insert into article (id, user_id, title, content, hashtag, created_by, modified_by, created_at, modified_at) values (14, 'jihoon', 'placerat praesent blandit nam nulla integer', 'Nullam sit amet turpis elementum ligula vehicula consequat. Morbi a ipsum. Integer a nibh.', 'Blue', 'Jean', 'Rosaleen', '2022-07-10 20:13:53', '2023-04-27 15:37:12');
insert into article (id, user_id, title, content, hashtag, created_by, modified_by, created_at, modified_at) values (15, 'uno2', 'platea dictumst maecenas ut massa quis augue', 'Maecenas leo odio, condimentum id, luctus nec, molestie sed, justo. Pellentesque viverra pede ac diam. Cras pellentesque volutpat dui.', null, 'Jory', 'Korella', '2022-07-25 13:57:51', '2022-09-14 18:16:43');
insert into article (id, user_id, title, content, hashtag, created_by, modified_by, created_at, modified_at) values (16, 'jihoon', 'ligula nec sem duis aliquam convallis nunc', 'Sed sagittis. Nam congue, risus semper porta volutpat, quam pede lobortis ligula, sit amet eleifend pede libero quis orci. Nullam molestie nibh in lectus.', 'Yellow', 'Stavros', 'Giorgio', '2022-11-15 14:50:21', '2023-05-16 15:40:40');
insert into article (id, user_id, title, content, hashtag, created_by, modified_by, created_at, modified_at) values (17, 'jihoon', 'lectus in quam fringilla', 'Maecenas ut massa quis augue luctus tincidunt. Nulla mollis molestie lorem. Quisque ut erat.', 'Fuscia', 'Robb', 'Ivory', '2022-07-19 05:10:46', '2022-09-01 17:40:25');
insert into article (id, user_id, title, content, hashtag, created_by, modified_by, created_at, modified_at) values (18, 'uno2', 'id ligula suspendisse', 'Quisque porta volutpat erat. Quisque erat eros, viverra eget, congue eget, semper rutrum, nulla. Nunc purus.', 'Turquoise', 'Stavros', 'Jeannine', '2022-09-24 15:55:56', '2023-02-16 18:11:23');
insert into article (id, user_id, title, content, hashtag, created_by, modified_by, created_at, modified_at) values (19, 'uno2', 'eu est congue elementum in hac', 'Curabitur gravida nisi at nibh. In hac habitasse platea dictumst. Aliquam augue quam, sollicitudin vitae, consectetuer eget, rutrum at, lorem.', 'Crimson', 'Gypsy', 'Mireille', '2023-06-11 09:48:31', '2023-04-16 19:46:56');
insert into article (id, user_id, title, content, hashtag, created_by, modified_by, created_at, modified_at) values (20, 'jihoon', 'mollis molestie lorem quisque ut', 'Vestibulum ac est lacinia nisi venenatis tristique. Fusce congue, diam id ornare imperdiet, sapien urna pretium nisl, ut volutpat sapien arcu sed augue. Aliquam erat volutpat.', 'Green', 'Bibbie', 'Minni', '2022-12-03 02:32:11', '2022-10-31 22:46:02');
insert into article (id, user_id, title, content, hashtag, created_by, modified_by, created_at, modified_at) values (21, 'jihoon', 'commodo placerat praesent', 'Sed sagittis. Nam congue, risus semper porta volutpat, quam pede lobortis ligula, sit amet eleifend pede libero quis orci. Nullam molestie nibh in lectus.', 'Pink', 'Barbee', 'Reg', '2022-09-05 21:49:20', '2022-09-11 03:10:37');
insert into article (id, user_id, title, content, hashtag, created_by, modified_by, created_at, modified_at) values (22, 'jihoon', 'proin leo odio porttitor id consequat', 'Quisque id justo sit amet sapien dignissim vestibulum. Vestibulum ante ipsum primis in faucibus orci luctus et ultrices posuere cubilia Curae; Nulla dapibus dolor vel est. Donec odio justo, sollicitudin ut, suscipit a, feugiat et, eros.', 'Purple', 'Daisi', 'Dniren', '2023-03-05 03:18:55', '2023-06-04 22:11:53');
insert into article (id, user_id, title, content, hashtag, created_by, modified_by, created_at, modified_at) values (23, 'jihoon', 'tincidunt ante vel ipsum praesent blandit', 'Praesent id massa id nisl venenatis lacinia. Aenean sit amet justo. Morbi ut odio.', 'Turquoise', 'Thomas', 'Junina', '2023-03-12 18:01:55', '2022-12-26 16:33:05');
insert into article (id, user_id, title, content, hashtag, created_by, modified_by, created_at, modified_at) values (24, 'jihoon', 'quis tortor id', 'Proin interdum mauris non ligula pellentesque ultrices. Phasellus id sapien in sapien iaculis congue. Vivamus metus arcu, adipiscing molestie, hendrerit at, vulputate vitae, nisl.', 'Pink', 'Randi', 'Phaidra', '2023-04-14 20:14:17', '2023-04-15 12:11:39');
insert into article (id, user_id, title, content, hashtag, created_by, modified_by, created_at, modified_at) values (25, 'jihoon', 'cras in purus', 'Morbi porttitor lorem id ligula. Suspendisse ornare consequat lectus. In est risus, auctor sed, tristique in, tempus sit amet, sem.', null, 'Homerus', 'Julie', '2023-04-19 22:00:16', '2022-10-14 15:07:50');
insert into article (id, user_id, title, content, hashtag, created_by, modified_by, created_at, modified_at) values (26, 'jihoon', 'cubilia curae donec pharetra magna vestibulum aliquet', 'Phasellus in felis. Donec semper sapien a libero. Nam dui.', 'Indigo', 'Letisha', 'Krystyna', '2023-04-28 14:03:15', '2022-07-08 11:58:13');
insert into article (id, user_id, title, content, hashtag, created_by, modified_by, created_at, modified_at) values (27, 'uno2', 'bibendum imperdiet nullam', 'Cras non velit nec nisi vulputate nonummy. Maecenas tincidunt lacus at velit. Vivamus vel nulla eget eros elementum pellentesque.', 'Fuscia', 'Ilysa', 'Pepillo', '2022-12-21 18:13:15', '2023-02-17 01:51:20');
insert into article (id, user_id, title, content, hashtag, created_by, modified_by, created_at, modified_at) values (28, 'uno2', 'erat eros viverra eget congue eget', 'Quisque porta volutpat erat. Quisque erat eros, viverra eget, congue eget, semper rutrum, nulla. Nunc purus.', 'Maroon', 'Chery', 'Erhart', '2022-08-10 03:54:58', '2022-11-02 20:22:01');
insert into article (id, user_id, title, content, hashtag, created_by, modified_by, created_at, modified_at) values (29, 'uno2', 'habitasse platea dictumst morbi vestibulum', 'Proin leo odio, porttitor id, consequat in, consequat ut, nulla. Sed accumsan felis. Ut at dolor quis odio consequat varius.', 'Maroon', 'Johny', 'Shalna', '2022-09-29 14:57:52', '2022-11-30 17:47:00');
insert into article (id, user_id, title, content, hashtag, created_by, modified_by, created_at, modified_at) values (30, 'jihoon', 'blandit non interdum in ante vestibulum ante', 'Duis bibendum, felis sed interdum venenatis, turpis enim blandit mi, in porttitor pede justo eu massa. Donec dapibus. Duis at velit eu est congue elementum.', null, 'Isador', 'Mallissa', '2023-01-26 13:32:45', '2022-09-29 12:11:50');
insert into article (id, user_id, title, content, hashtag, created_by, modified_by, created_at, modified_at) values (31, 'uno2', 'enim blandit mi in porttitor pede', 'Maecenas tristique, est et tempus semper, est quam pharetra magna, ac consequat metus sapien ut nunc. Vestibulum ante ipsum primis in faucibus orci luctus et ultrices posuere cubilia Curae; Mauris viverra diam vitae quam. Suspendisse potenti.', null, 'Guthrie', 'Gertruda', '2022-11-16 08:05:41', '2022-07-11 21:19:49');
insert into article (id, user_id, title, content, hashtag, created_by, modified_by, created_at, modified_at) values (32, 'uno2', 'duis bibendum felis', 'Proin interdum mauris non ligula pellentesque ultrices. Phasellus id sapien in sapien iaculis congue. Vivamus metus arcu, adipiscing molestie, hendrerit at, vulputate vitae, nisl.', 'Goldenrod', 'Nita', 'Darelle', '2023-02-09 07:51:23', '2023-04-24 02:28:04');
insert into article (id, user_id, title, content, hashtag, created_by, modified_by, created_at, modified_at) values (33, 'uno2', 'curabitur at ipsum ac', 'Maecenas ut massa quis augue luctus tincidunt. Nulla mollis molestie lorem. Quisque ut erat.', 'Red', 'Alikee', 'Wait', '2023-01-15 02:38:00', '2023-04-03 22:11:59');
insert into article (id, user_id, title, content, hashtag, created_by, modified_by, created_at, modified_at) values (34, 'jihoon', 'pede venenatis non sodales sed tincidunt', 'Integer tincidunt ante vel ipsum. Praesent blandit lacinia erat. Vestibulum sed magna at nunc commodo placerat.', 'Fuscia', 'Odille', 'Alida', '2023-05-16 08:24:00', '2023-01-28 08:19:40');
insert into article (id, user_id, title, content, hashtag, created_by, modified_by, created_at, modified_at) values (35, 'uno2', 'nulla ut erat id', 'Proin leo odio, porttitor id, consequat in, consequat ut, nulla. Sed accumsan felis. Ut at dolor quis odio consequat varius.', 'Maroon', 'Dorise', 'Venus', '2022-08-24 16:04:40', '2022-08-07 13:23:43');
insert into article (id, user_id, title, content, hashtag, created_by, modified_by, created_at, modified_at) values (36, 'jihoon', 'nulla mollis molestie lorem', 'Vestibulum ac est lacinia nisi venenatis tristique. Fusce congue, diam id ornare imperdiet, sapien urna pretium nisl, ut volutpat sapien arcu sed augue. Aliquam erat volutpat.', 'Fuscia', 'Dion', 'Elvera', '2022-10-22 13:12:10', '2023-01-02 04:49:02');
insert into article (id, user_id, title, content, hashtag, created_by, modified_by, created_at, modified_at) values (37, 'jihoon', 'augue vestibulum rutrum rutrum neque aenean auctor', 'Praesent id massa id nisl venenatis lacinia. Aenean sit amet justo. Morbi ut odio.', null, 'Giraldo', 'Verene', '2022-08-03 21:04:00', '2022-11-16 01:37:50');
insert into article (id, user_id, title, content, hashtag, created_by, modified_by, created_at, modified_at) values (38, 'jihoon', 'facilisi cras non velit nec nisi vulputate', 'Duis bibendum. Morbi non quam nec dui luctus rutrum. Nulla tellus.', null, 'Fritz', 'Gratiana', '2022-11-17 18:53:30', '2023-02-19 12:08:47');
insert into article (id, user_id, title, content, hashtag, created_by, modified_by, created_at, modified_at) values (39, 'uno2', 'fringilla rhoncus mauris enim leo rhoncus', 'Duis aliquam convallis nunc. Proin at turpis a pede posuere nonummy. Integer non velit.', 'Puce', 'Carver', 'Dolorita', '2022-08-27 11:26:00', '2022-09-10 12:11:51');
insert into article (id, user_id, title, content, hashtag, created_by, modified_by, created_at, modified_at) values (40, 'uno2', 'non lectus aliquam sit', 'Donec diam neque, vestibulum eget, vulputate ut, ultrices vel, augue. Vestibulum ante ipsum primis in faucibus orci luctus et ultrices posuere cubilia Curae; Donec pharetra, magna vestibulum aliquet ultrices, erat tortor sollicitudin mi, sit amet lobortis sapien sapien non mi. Integer ac neque.', 'Khaki', 'Nealson', 'Teodora', '2022-07-20 16:39:40', '2023-03-20 09:20:20');
insert into article (id, user_id, title, content, hashtag, created_by, modified_by, created_at, modified_at) values (41, 'jihoon', 'id consequat in consequat ut nulla', 'Phasellus in felis. Donec semper sapien a libero. Nam dui.', 'Mauv', 'Ignatius', 'Van', '2022-11-24 00:42:14', '2023-05-21 23:40:04');
insert into article (id, user_id, title, content, hashtag, created_by, modified_by, created_at, modified_at) values (42, 'jihoon', 'ut nulla sed accumsan felis ut at', 'Duis aliquam convallis nunc. Proin at turpis a pede posuere nonummy. Integer non velit.', 'Mauv', 'Agnes', 'Dewie', '2023-05-09 17:26:11', '2022-07-04 03:41:14');
insert into article (id, user_id, title, content, hashtag, created_by, modified_by, created_at, modified_at) values (43, 'jihoon', 'cursus id turpis integer aliquet', 'Praesent blandit. Nam nulla. Integer pede justo, lacinia eget, tincidunt eget, tempus vel, pede.', 'Indigo', 'Lurleen', 'Annamaria', '2023-01-17 02:28:15', '2023-01-28 21:19:58');
insert into article (id, user_id, title, content, hashtag, created_by, modified_by, created_at, modified_at) values (44, 'jihoon', 'condimentum neque sapien placerat ante', 'In hac habitasse platea dictumst. Etiam faucibus cursus urna. Ut tellus.', 'Pink', 'Hetty', 'Minetta', '2022-12-08 23:45:43', '2023-01-16 16:39:19');
insert into article (id, user_id, title, content, hashtag, created_by, modified_by, created_at, modified_at) values (45, 'uno2', 'rhoncus aliquet pulvinar sed', 'Duis aliquam convallis nunc. Proin at turpis a pede posuere nonummy. Integer non velit.', 'Orange', 'Lisette', 'Cindee', '2022-11-01 11:15:20', '2022-09-01 00:48:36');
insert into article (id, user_id, title, content, hashtag, created_by, modified_by, created_at, modified_at) values (46, 'jihoon', 'vivamus tortor duis', 'Maecenas tristique, est et tempus semper, est quam pharetra magna, ac consequat metus sapien ut nunc. Vestibulum ante ipsum primis in faucibus orci luctus et ultrices posuere cubilia Curae; Mauris viverra diam vitae quam. Suspendisse potenti.', 'Red', 'Benji', 'Marylou', '2023-06-09 13:30:18', '2022-08-02 04:09:29');
insert into article (id, user_id, title, content, hashtag, created_by, modified_by, created_at, modified_at) values (47, 'jihoon', 'penatibus et magnis dis', 'Nulla ut erat id mauris vulputate elementum. Nullam varius. Nulla facilisi.', 'Puce', 'Fidole', 'Alameda', '2022-12-20 12:25:01', '2022-07-03 14:36:59');
insert into article (id, user_id, title, content, hashtag, created_by, modified_by, created_at, modified_at) values (48, 'jihoon', 'suspendisse accumsan tortor quis turpis sed', 'Lorem ipsum dolor sit amet, consectetuer adipiscing elit. Proin risus. Praesent lectus.', 'Indigo', 'Bondy', 'Deva', '2023-01-05 23:10:47', '2022-08-14 09:17:49');
insert into article (id, user_id, title, content, hashtag, created_by, modified_by, created_at, modified_at) values (49, 'jihoon', 'facilisi cras non', 'In congue. Etiam justo. Etiam pretium iaculis justo.', 'Pink', 'Mischa', 'Marlon', '2022-08-11 16:02:19', '2022-11-02 07:27:54');
insert into article (id, user_id, title, content, hashtag, created_by, modified_by, created_at, modified_at) values (50, 'jihoon', 'consectetuer adipiscing elit proin', 'Vestibulum ac est lacinia nisi venenatis tristique. Fusce congue, diam id ornare imperdiet, sapien urna pretium nisl, ut volutpat sapien arcu sed augue. Aliquam erat volutpat.', null, 'Arden', 'Chadwick', '2022-08-22 03:12:46', '2022-11-12 02:13:47');
insert into article (id, user_id, title, content, hashtag, created_by, modified_by, created_at, modified_at) values (51, 'uno2', 'tortor duis mattis egestas metus aenean', 'In congue. Etiam justo. Etiam pretium iaculis justo.', 'Red', 'Mick', 'Delano', '2022-09-07 08:12:37', '2022-08-21 07:56:16');
insert into article (id, user_id, title, content, hashtag, created_by, modified_by, created_at, modified_at) values (52, 'jihoon', 'sed accumsan felis', 'Sed ante. Vivamus tortor. Duis mattis egestas metus.', 'Khaki', 'Patrice', 'Sam', '2023-05-05 20:36:45', '2022-11-19 07:56:17');
insert into article (id, user_id, title, content, hashtag, created_by, modified_by, created_at, modified_at) values (53, 'uno2', 'magna vulputate luctus cum', 'Duis bibendum. Morbi non quam nec dui luctus rutrum. Nulla tellus.', 'Pink', 'Sheridan', 'Reeba', '2023-05-13 02:53:32', '2023-04-10 12:15:45');
insert into article (id, user_id, title, content, hashtag, created_by, modified_by, created_at, modified_at) values (54, 'jihoon', 'luctus ultricies eu nibh quisque id justo', 'In sagittis dui vel nisl. Duis ac nibh. Fusce lacus purus, aliquet at, feugiat non, pretium quis, lectus.', 'Orange', 'Bernetta', 'Mireille', '2022-10-21 10:08:59', '2023-06-04 05:07:28');
insert into article (id, user_id, title, content, hashtag, created_by, modified_by, created_at, modified_at) values (55, 'uno2', 'sit amet nunc viverra', 'Nullam porttitor lacus at turpis. Donec posuere metus vitae ipsum. Aliquam non mauris.', 'Yellow', 'Gayla', 'Ferdinande', '2022-12-16 14:07:37', '2022-11-09 06:46:08');
insert into article (id, user_id, title, content, hashtag, created_by, modified_by, created_at, modified_at) values (56, 'uno2', 'enim leo rhoncus sed vestibulum sit', 'Sed ante. Vivamus tortor. Duis mattis egestas metus.', 'Blue', 'Brande', 'Stanford', '2023-04-14 08:50:52', '2023-02-14 09:54:35');
insert into article (id, user_id, title, content, hashtag, created_by, modified_by, created_at, modified_at) values (57, 'uno2', 'vel dapibus at diam nam', 'Nullam porttitor lacus at turpis. Donec posuere metus vitae ipsum. Aliquam non mauris.', 'Goldenrod', 'Neala', 'Marco', '2023-04-15 06:54:26', '2023-03-31 13:13:57');
insert into article (id, user_id, title, content, hashtag, created_by, modified_by, created_at, modified_at) values (58, 'jihoon', 'proin interdum mauris', 'In congue. Etiam justo. Etiam pretium iaculis justo.', 'Purple', 'Lucho', 'Gaultiero', '2022-10-28 13:43:11', '2022-11-24 16:12:59');
insert into article (id, user_id, title, content, hashtag, created_by, modified_by, created_at, modified_at) values (59, 'jihoon', 'nisl duis bibendum', 'Maecenas tristique, est et tempus semper, est quam pharetra magna, ac consequat metus sapien ut nunc. Vestibulum ante ipsum primis in faucibus orci luctus et ultrices posuere cubilia Curae; Mauris viverra diam vitae quam. Suspendisse potenti.', 'Turquoise', 'Clayson', 'Katya', '2023-05-27 08:56:22', '2023-03-06 00:43:11');
insert into article (id, user_id, title, content, hashtag, created_by, modified_by, created_at, modified_at) values (60, 'jihoon', 'sed nisl nunc rhoncus dui vel', 'Duis bibendum, felis sed interdum venenatis, turpis enim blandit mi, in porttitor pede justo eu massa. Donec dapibus. Duis at velit eu est congue elementum.', 'Turquoise', 'Krissie', 'Erik', '2023-06-01 03:51:55', '2023-04-04 05:25:32');
insert into article (id, user_id, title, content, hashtag, created_by, modified_by, created_at, modified_at) values (61, 'jihoon', 'tempus semper est', 'Aenean fermentum. Donec ut mauris eget massa tempor convallis. Nulla neque libero, convallis eget, eleifend luctus, ultricies eu, nibh.', 'Aquamarine', 'Roshelle', 'Woodman', '2023-06-23 00:15:48', '2022-08-08 13:26:48');
insert into article (id, user_id, title, content, hashtag, created_by, modified_by, created_at, modified_at) values (62, 'uno2', 'vitae nisl aenean lectus pellentesque eget nunc', 'Morbi non lectus. Aliquam sit amet diam in magna bibendum imperdiet. Nullam orci pede, venenatis non, sodales sed, tincidunt eu, felis.', 'Mauv', 'Dollie', 'Alexandros', '2023-05-16 06:23:14', '2022-11-11 02:01:54');
insert into article (id, user_id, title, content, hashtag, created_by, modified_by, created_at, modified_at) values (63, 'jihoon', 'cubilia curae donec pharetra magna vestibulum', 'Maecenas leo odio, condimentum id, luctus nec, molestie sed, justo. Pellentesque viverra pede ac diam. Cras pellentesque volutpat dui.', null, 'Lolita', 'Hugibert', '2023-06-23 15:45:24', '2023-01-14 22:57:01');
insert into article (id, user_id, title, content, hashtag, created_by, modified_by, created_at, modified_at) values (64, 'jihoon', 'tincidunt ante vel ipsum praesent blandit lacinia', 'Proin eu mi. Nulla ac enim. In tempor, turpis nec euismod scelerisque, quam turpis adipiscing lorem, vitae mattis nibh ligula nec sem.', null, 'Whitman', 'Natala', '2022-12-26 10:36:31', '2022-12-01 13:23:00');
insert into article (id, user_id, title, content, hashtag, created_by, modified_by, created_at, modified_at) values (65, 'uno2', 'nulla tellus in sagittis dui', 'Duis aliquam convallis nunc. Proin at turpis a pede posuere nonummy. Integer non velit.', null, 'Bekki', 'Vernen', '2023-04-08 20:52:32', '2023-02-05 13:05:30');
insert into article (id, user_id, title, content, hashtag, created_by, modified_by, created_at, modified_at) values (66, 'jihoon', 'id ligula suspendisse', 'Proin leo odio, porttitor id, consequat in, consequat ut, nulla. Sed accumsan felis. Ut at dolor quis odio consequat varius.', 'Goldenrod', 'Paulo', 'Courtney', '2023-03-06 02:15:18', '2022-10-05 05:13:13');
insert into article (id, user_id, title, content, hashtag, created_by, modified_by, created_at, modified_at) values (67, 'uno2', 'facilisi cras non', 'Duis bibendum. Morbi non quam nec dui luctus rutrum. Nulla tellus.', 'Crimson', 'Caldwell', 'Cart', '2022-07-15 10:06:43', '2022-10-14 07:37:07');
insert into article (id, user_id, title, content, hashtag, created_by, modified_by, created_at, modified_at) values (68, 'jihoon', 'vel nisl duis ac nibh fusce', 'Quisque id justo sit amet sapien dignissim vestibulum. Vestibulum ante ipsum primis in faucibus orci luctus et ultrices posuere cubilia Curae; Nulla dapibus dolor vel est. Donec odio justo, sollicitudin ut, suscipit a, feugiat et, eros.', 'Goldenrod', 'Jasper', 'Erasmus', '2023-04-22 14:16:35', '2023-04-24 06:42:40');
insert into article (id, user_id, title, content, hashtag, created_by, modified_by, created_at, modified_at) values (69, 'uno2', 'amet consectetuer adipiscing elit', 'Duis consequat dui nec nisi volutpat eleifend. Donec ut dolor. Morbi vel lectus in quam fringilla rhoncus.', 'Maroon', 'Edmund', 'Anabelle', '2023-05-04 20:53:11', '2023-03-08 01:43:30');
insert into article (id, user_id, title, content, hashtag, created_by, modified_by, created_at, modified_at) values (70, 'jihoon', 'eu magna vulputate luctus cum sociis', 'Suspendisse potenti. In eleifend quam a odio. In hac habitasse platea dictumst.', 'Green', 'Melinda', 'Roseanne', '2022-07-16 14:14:55', '2023-04-25 19:46:35');
insert into article (id, user_id, title, content, hashtag, created_by, modified_by, created_at, modified_at) values (71, 'jihoon', 'ultrices posuere cubilia curae', 'In hac habitasse platea dictumst. Morbi vestibulum, velit id pretium iaculis, diam erat fermentum justo, nec condimentum neque sapien placerat ante. Nulla justo.', 'Blue', 'Kurt', 'Deerdre', '2022-11-14 15:15:49', '2023-05-24 06:09:39');
insert into article (id, user_id, title, content, hashtag, created_by, modified_by, created_at, modified_at) values (72, 'uno2', 'blandit nam nulla integer pede', 'Suspendisse potenti. In eleifend quam a odio. In hac habitasse platea dictumst.', null, 'Ilyssa', 'Nikola', '2022-12-16 10:48:04', '2023-02-15 14:27:20');
insert into article (id, user_id, title, content, hashtag, created_by, modified_by, created_at, modified_at) values (73, 'jihoon', 'non mattis pulvinar nulla', 'Proin eu mi. Nulla ac enim. In tempor, turpis nec euismod scelerisque, quam turpis adipiscing lorem, vitae mattis nibh ligula nec sem.', 'Fuscia', 'Carlene', 'Anneliese', '2022-12-30 12:37:20', '2022-07-29 14:50:08');
insert into article (id, user_id, title, content, hashtag, created_by, modified_by, created_at, modified_at) values (74, 'jihoon', 'est phasellus sit', 'Proin leo odio, porttitor id, consequat in, consequat ut, nulla. Sed accumsan felis. Ut at dolor quis odio consequat varius.', 'Teal', 'Bennie', 'Blanche', '2022-08-16 04:04:30', '2023-05-03 06:34:11');
insert into article (id, user_id, title, content, hashtag, created_by, modified_by, created_at, modified_at) values (75, 'uno2', 'odio porttitor id consequat in consequat', 'Vestibulum ac est lacinia nisi venenatis tristique. Fusce congue, diam id ornare imperdiet, sapien urna pretium nisl, ut volutpat sapien arcu sed augue. Aliquam erat volutpat.', null, 'Holly-anne', 'Teodoro', '2023-04-28 11:38:15', '2023-03-18 08:55:11');
insert into article (id, user_id, title, content, hashtag, created_by, modified_by, created_at, modified_at) values (76, 'uno2', 'et ultrices posuere cubilia', 'Duis bibendum, felis sed interdum venenatis, turpis enim blandit mi, in porttitor pede justo eu massa. Donec dapibus. Duis at velit eu est congue elementum.', null, 'Maximilien', 'Reginald', '2023-04-30 21:07:46', '2023-02-07 05:42:52');
insert into article (id, user_id, title, content, hashtag, created_by, modified_by, created_at, modified_at) values (77, 'uno2', 'molestie hendrerit at vulputate vitae nisl aenean', 'Vestibulum quam sapien, varius ut, blandit non, interdum in, ante. Vestibulum ante ipsum primis in faucibus orci luctus et ultrices posuere cubilia Curae; Duis faucibus accumsan odio. Curabitur convallis.', 'Crimson', 'Thatcher', 'Shurwood', '2023-01-18 22:45:20', '2023-05-17 08:18:54');
insert into article (id, user_id, title, content, hashtag, created_by, modified_by, created_at, modified_at) values (78, 'uno2', 'at dolor quis odio', 'Mauris enim leo, rhoncus sed, vestibulum sit amet, cursus id, turpis. Integer aliquet, massa id lobortis convallis, tortor risus dapibus augue, vel accumsan tellus nisi eu orci. Mauris lacinia sapien quis libero.', null, 'Tony', 'Augustin', '2023-01-29 05:14:32', '2022-12-21 22:11:49');
insert into article (id, user_id, title, content, hashtag, created_by, modified_by, created_at, modified_at) values (79, 'uno2', 'magna vulputate luctus cum sociis', 'Praesent id massa id nisl venenatis lacinia. Aenean sit amet justo. Morbi ut odio.', 'Khaki', 'Merrick', 'Aurthur', '2023-06-06 03:21:40', '2023-03-09 08:17:28');
insert into article (id, user_id, title, content, hashtag, created_by, modified_by, created_at, modified_at) values (80, 'uno2', 'donec posuere metus vitae ipsum aliquam non', 'Maecenas ut massa quis augue luctus tincidunt. Nulla mollis molestie lorem. Quisque ut erat.', 'Red', 'Ravid', 'Klarrisa', '2022-10-09 05:06:11', '2023-02-21 06:16:33');
insert into article (id, user_id, title, content, hashtag, created_by, modified_by, created_at, modified_at) values (81, 'jihoon', 'neque sapien placerat ante nulla', 'In hac habitasse platea dictumst. Morbi vestibulum, velit id pretium iaculis, diam erat fermentum justo, nec condimentum neque sapien placerat ante. Nulla justo.', null, 'Gus', 'Katherina', '2022-07-06 23:13:03', '2022-10-08 22:48:01');
insert into article (id, user_id, title, content, hashtag, created_by, modified_by, created_at, modified_at) values (82, 'jihoon', 'feugiat non pretium quis lectus suspendisse potenti', 'Sed sagittis. Nam congue, risus semper porta volutpat, quam pede lobortis ligula, sit amet eleifend pede libero quis orci. Nullam molestie nibh in lectus.', 'Orange', 'Celina', 'Rois', '2022-12-30 21:28:53', '2022-10-14 14:25:56');
insert into article (id, user_id, title, content, hashtag, created_by, modified_by, created_at, modified_at) values (83, 'uno2', 'massa id nisl', 'Praesent id massa id nisl venenatis lacinia. Aenean sit amet justo. Morbi ut odio.', 'Green', 'Quincey', 'Terrye', '2023-06-27 02:56:47', '2023-06-29 11:06:40');
insert into article (id, user_id, title, content, hashtag, created_by, modified_by, created_at, modified_at) values (84, 'jihoon', 'felis eu sapien cursus vestibulum', 'In hac habitasse platea dictumst. Morbi vestibulum, velit id pretium iaculis, diam erat fermentum justo, nec condimentum neque sapien placerat ante. Nulla justo.', 'Goldenrod', 'Wynn', 'Sallyann', '2022-12-21 17:02:53', '2022-10-01 15:49:40');
insert into article (id, user_id, title, content, hashtag, created_by, modified_by, created_at, modified_at) values (85, 'uno2', 'vestibulum rutrum rutrum neque aenean', 'Pellentesque at nulla. Suspendisse potenti. Cras in purus eu magna vulputate luctus.', 'Red', 'Egbert', 'Jeanelle', '2022-07-05 17:43:51', '2022-10-05 04:56:12');
insert into article (id, user_id, title, content, hashtag, created_by, modified_by, created_at, modified_at) values (86, 'uno2', 'metus arcu adipiscing molestie hendrerit at', 'Nam ultrices, libero non mattis pulvinar, nulla pede ullamcorper augue, a suscipit nulla elit ac nulla. Sed vel enim sit amet nunc viverra dapibus. Nulla suscipit ligula in lacus.', 'Indigo', 'Vidovik', 'Brant', '2023-04-08 06:21:08', '2023-04-15 08:44:48');
insert into article (id, user_id, title, content, hashtag, created_by, modified_by, created_at, modified_at) values (87, 'jihoon', 'vulputate ut ultrices vel', 'Cum sociis natoque penatibus et magnis dis parturient montes, nascetur ridiculus mus. Vivamus vestibulum sagittis sapien. Cum sociis natoque penatibus et magnis dis parturient montes, nascetur ridiculus mus.', 'Turquoise', 'Carey', 'Marcelo', '2022-07-18 19:20:58', '2022-12-10 11:43:51');
insert into article (id, user_id, title, content, hashtag, created_by, modified_by, created_at, modified_at) values (88, 'jihoon', 'adipiscing molestie hendrerit at vulputate vitae nisl', 'Lorem ipsum dolor sit amet, consectetuer adipiscing elit. Proin risus. Praesent lectus.', 'Indigo', 'Gaile', 'Vivien', '2023-05-12 05:14:24', '2023-06-24 15:22:06');
insert into article (id, user_id, title, content, hashtag, created_by, modified_by, created_at, modified_at) values (89, 'jihoon', 'mauris non ligula pellentesque ultrices', 'Lorem ipsum dolor sit amet, consectetuer adipiscing elit. Proin risus. Praesent lectus.', null, 'Aleta', 'Scarlet', '2023-02-24 17:11:58', '2022-12-28 12:43:49');
insert into article (id, user_id, title, content, hashtag, created_by, modified_by, created_at, modified_at) values (90, 'uno2', 'et ultrices posuere cubilia curae donec', 'Maecenas ut massa quis augue luctus tincidunt. Nulla mollis molestie lorem. Quisque ut erat.', null, 'Vere', 'Ailey', '2023-04-14 06:42:15', '2023-05-12 05:33:52');
insert into article (id, user_id, title, content, hashtag, created_by, modified_by, created_at, modified_at) values (91, 'jihoon', 'vivamus tortor duis mattis egestas metus aenean', 'Curabitur at ipsum ac tellus semper interdum. Mauris ullamcorper purus sit amet nulla. Quisque arcu libero, rutrum ac, lobortis vel, dapibus at, diam.', 'Fuscia', 'Marthe', 'Linnet', '2022-07-08 13:32:05', '2023-05-13 04:50:42');
insert into article (id, user_id, title, content, hashtag, created_by, modified_by, created_at, modified_at) values (92, 'uno2', 'faucibus orci luctus et ultrices', 'Etiam vel augue. Vestibulum rutrum rutrum neque. Aenean auctor gravida sem.', 'Violet', 'Lea', 'Charisse', '2023-04-24 02:40:42', '2023-03-07 02:00:28');
insert into article (id, user_id, title, content, hashtag, created_by, modified_by, created_at, modified_at) values (93, 'uno2', 'lobortis ligula sit', 'Phasellus in felis. Donec semper sapien a libero. Nam dui.', 'Goldenrod', 'Paula', 'Pansy', '2023-04-24 17:42:34', '2022-09-15 03:34:05');
insert into article (id, user_id, title, content, hashtag, created_by, modified_by, created_at, modified_at) values (94, 'uno2', 'lobortis convallis tortor', 'In sagittis dui vel nisl. Duis ac nibh. Fusce lacus purus, aliquet at, feugiat non, pretium quis, lectus.', 'Puce', 'Janeva', 'Hort', '2023-01-25 01:37:50', '2023-01-01 09:07:13');
insert into article (id, user_id, title, content, hashtag, created_by, modified_by, created_at, modified_at) values (95, 'jihoon', 'non mi integer ac neque', 'Maecenas leo odio, condimentum id, luctus nec, molestie sed, justo. Pellentesque viverra pede ac diam. Cras pellentesque volutpat dui.', 'Orange', 'Drud', 'Tansy', '2022-07-11 08:56:08', '2022-09-10 12:27:43');
insert into article (id, user_id, title, content, hashtag, created_by, modified_by, created_at, modified_at) values (96, 'jihoon', 'nunc commodo placerat praesent blandit', 'Integer tincidunt ante vel ipsum. Praesent blandit lacinia erat. Vestibulum sed magna at nunc commodo placerat.', 'Orange', 'Conney', 'Freddie', '2023-01-19 03:21:53', '2022-09-18 23:02:20');
insert into article (id, user_id, title, content, hashtag, created_by, modified_by, created_at, modified_at) values (97, 'jihoon', 'pede posuere nonummy integer non velit', 'Duis consequat dui nec nisi volutpat eleifend. Donec ut dolor. Morbi vel lectus in quam fringilla rhoncus.', 'Yellow', 'Aubine', 'Darelle', '2022-10-10 23:58:25', '2023-01-30 16:04:18');
insert into article (id, user_id, title, content, hashtag, created_by, modified_by, created_at, modified_at) values (98, 'jihoon', 'eu felis fusce posuere felis sed', 'Curabitur at ipsum ac tellus semper interdum. Mauris ullamcorper purus sit amet nulla. Quisque arcu libero, rutrum ac, lobortis vel, dapibus at, diam.', 'Red', 'Filmore', 'Robbie', '2022-11-18 00:10:30', '2023-05-19 00:01:30');
insert into article (id, user_id, title, content, hashtag, created_by, modified_by, created_at, modified_at) values (99, 'uno2', 'integer ac leo pellentesque ultrices mattis odio', 'Morbi non lectus. Aliquam sit amet diam in magna bibendum imperdiet. Nullam orci pede, venenatis non, sodales sed, tincidunt eu, felis.', null, 'Gaby', 'Betsy', '2022-10-31 19:08:58', '2023-01-04 14:30:18');
insert into article (id, user_id, title, content, hashtag, created_by, modified_by, created_at, modified_at) values (100, 'uno2', 'varius integer ac leo pellentesque', 'Sed ante. Vivamus tortor. Duis mattis egestas metus.', 'Purple', 'Taber', 'Galvin', '2023-06-15 03:30:30', '2023-04-10 12:14:08');

insert into article_comment (article_id, content, user_id, created_at, modified_at, created_by, modified_by) values (25, 'Leanna', 'jihoon', '2022-09-19 14:35:02', '2022-12-30 20:23:37', 'Mady', 'Ansell');
insert into article_comment (article_id, content, user_id, created_at, modified_at, created_by, modified_by) values (79, 'Ives', 'jihoon', '2023-01-26 04:58:16', '2023-02-24 15:35:15', 'Etheline', 'Tiphani');
insert into article_comment (article_id, content, user_id, created_at, modified_at, created_by, modified_by) values (82, 'Tommy', 'uno2', '2023-06-24 19:21:32', '2022-09-30 12:21:50', 'Normy', 'Rosaline');
insert into article_comment (article_id, content, user_id, created_at, modified_at, created_by, modified_by) values (57, 'Anne-corinne', 'jihoon', '2022-08-01 17:20:29', '2022-10-12 07:27:52', 'Beatriz', 'Heidi');
insert into article_comment (article_id, content, user_id, created_at, modified_at, created_by, modified_by) values (58, 'Germana', 'jihoon', '2022-08-28 21:11:34', '2022-11-21 02:00:48', 'Gerta', 'Winfield');
insert into article_comment (article_id, content, user_id, created_at, modified_at, created_by, modified_by) values (43, 'Orren', 'uno2', '2022-08-12 12:36:34', '2022-08-05 21:34:19', 'Lewes', 'Danette');
insert into article_comment (article_id, content, user_id, created_at, modified_at, created_by, modified_by) values (15, 'Lovell', 'jihoon', '2023-03-25 17:54:50', '2022-09-30 11:01:39', 'Rhianon', 'Joellen');
insert into article_comment (article_id, content, user_id, created_at, modified_at, created_by, modified_by) values (41, 'Zak', 'uno2', '2022-12-23 03:21:06', '2022-09-09 09:29:14', 'Jazmin', 'Carmon');
insert into article_comment (article_id, content, user_id, created_at, modified_at, created_by, modified_by) values (49, 'Cly', 'uno2', '2023-03-25 00:25:12', '2022-10-15 18:03:26', 'Andris', 'Lu');
insert into article_comment (article_id, content, user_id, created_at, modified_at, created_by, modified_by) values (9, 'Dore', 'uno2', '2023-02-25 00:50:07', '2023-03-18 19:36:04', 'Iolanthe', 'Mariele');
insert into article_comment (article_id, content, user_id, created_at, modified_at, created_by, modified_by) values (79, 'Lanna', 'jihoon', '2022-11-20 21:15:57', '2022-07-23 00:07:20', 'Darelle', 'Cassie');
insert into article_comment (article_id, content, user_id, created_at, modified_at, created_by, modified_by) values (87, 'Kev', 'jihoon', '2022-12-27 20:55:25', '2023-01-23 10:30:38', 'Melanie', 'Daveen');
insert into article_comment (article_id, content, user_id, created_at, modified_at, created_by, modified_by) values (23, 'Nike', 'uno2', '2023-01-28 03:23:26', '2023-04-09 08:04:35', 'Biron', 'Phineas');
insert into article_comment (article_id, content, user_id, created_at, modified_at, created_by, modified_by) values (58, 'Dean', 'uno2', '2023-02-07 12:59:58', '2023-01-29 14:53:58', 'Saidee', 'Donny');
insert into article_comment (article_id, content, user_id, created_at, modified_at, created_by, modified_by) values (44, 'Flory', 'jihoon', '2023-06-19 14:15:46', '2022-11-03 11:03:18', 'Gilberto', 'Feliza');
insert into article_comment (article_id, content, user_id, created_at, modified_at, created_by, modified_by) values (77, 'Lloyd', 'jihoon', '2023-04-01 09:24:57', '2022-10-13 09:15:53', 'Herb', 'Isidoro');
insert into article_comment (article_id, content, user_id, created_at, modified_at, created_by, modified_by) values (72, 'Winonah', 'jihoon', '2022-09-09 20:57:41', '2022-12-31 20:32:58', 'Darill', 'Kimmie');
insert into article_comment (article_id, content, user_id, created_at, modified_at, created_by, modified_by) values (66, 'Natale', 'jihoon', '2022-11-11 03:10:33', '2023-04-25 07:49:28', 'Herminia', 'Tammy');
insert into article_comment (article_id, content, user_id, created_at, modified_at, created_by, modified_by) values (65, 'Maryanna', 'jihoon', '2022-09-18 19:08:02', '2022-07-07 01:34:54', 'Reinwald', 'Fleur');
insert into article_comment (article_id, content, user_id, created_at, modified_at, created_by, modified_by) values (84, 'Griff', 'uno2', '2022-12-17 19:16:16', '2023-06-08 11:53:48', 'Barbra', 'Gwyn');
insert into article_comment (article_id, content, user_id, created_at, modified_at, created_by, modified_by) values (11, 'Gay', 'uno2', '2022-11-06 00:52:17', '2022-07-30 20:10:51', 'Noach', 'Maren');
insert into article_comment (article_id, content, user_id, created_at, modified_at, created_by, modified_by) values (47, 'Kelcie', 'uno2', '2022-08-17 21:11:47', '2023-01-09 00:32:31', 'Donnajean', 'Reta');
insert into article_comment (article_id, content, user_id, created_at, modified_at, created_by, modified_by) values (20, 'Biron', 'uno2', '2023-03-07 07:39:44', '2022-09-27 17:26:36', 'Kimberlee', 'Trevar');
insert into article_comment (article_id, content, user_id, created_at, modified_at, created_by, modified_by) values (75, 'Tate', 'uno2', '2023-06-07 15:34:06', '2023-03-25 14:02:22', 'Brittan', 'Boonie');
insert into article_comment (article_id, content, user_id, created_at, modified_at, created_by, modified_by) values (80, 'Caprice', 'jihoon', '2023-01-08 14:43:34', '2022-12-18 09:02:36', 'Hayward', 'Berte');
insert into article_comment (article_id, content, user_id, created_at, modified_at, created_by, modified_by) values (16, 'Jobyna', 'uno2', '2023-03-22 11:13:01', '2023-02-08 09:34:05', 'Andrea', 'Jordain');
insert into article_comment (article_id, content, user_id, created_at, modified_at, created_by, modified_by) values (37, 'Harbert', 'uno2', '2022-12-16 22:45:27', '2023-06-29 01:17:27', 'Garfield', 'Madelle');
insert into article_comment (article_id, content, user_id, created_at, modified_at, created_by, modified_by) values (63, 'Jobina', 'uno2', '2023-02-06 20:13:04', '2023-05-24 10:17:53', 'Ludovico', 'Claudina');
insert into article_comment (article_id, content, user_id, created_at, modified_at, created_by, modified_by) values (95, 'Pavla', 'uno2', '2022-10-18 18:49:21', '2022-10-23 16:30:58', 'Brynna', 'Leland');
insert into article_comment (article_id, content, user_id, created_at, modified_at, created_by, modified_by) values (22, 'Germayne', 'jihoon', '2022-09-08 11:16:27', '2023-05-29 09:42:34', 'Nananne', 'Hollyanne');
insert into article_comment (article_id, content, user_id, created_at, modified_at, created_by, modified_by) values (13, 'Woodman', 'uno2', '2023-05-19 04:40:40', '2023-03-17 13:43:02', 'Bari', 'Zia');
insert into article_comment (article_id, content, user_id, created_at, modified_at, created_by, modified_by) values (29, 'Abbey', 'jihoon', '2022-12-21 06:13:59', '2022-08-07 05:51:53', 'Marybelle', 'Halli');
insert into article_comment (article_id, content, user_id, created_at, modified_at, created_by, modified_by) values (100, 'Yurik', 'uno2', '2023-06-24 23:24:15', '2022-11-14 04:35:14', 'Janith', 'Kristos');
insert into article_comment (article_id, content, user_id, created_at, modified_at, created_by, modified_by) values (63, 'Jarid', 'jihoon', '2022-10-21 11:00:49', '2023-05-02 07:46:36', 'Brandy', 'Shayne');
insert into article_comment (article_id, content, user_id, created_at, modified_at, created_by, modified_by) values (84, 'Akim', 'uno2', '2022-11-26 14:13:50', '2023-01-07 02:57:53', 'Kaitlynn', 'Gage');
insert into article_comment (article_id, content, user_id, created_at, modified_at, created_by, modified_by) values (76, 'Devy', 'jihoon', '2022-09-16 21:38:37', '2023-03-11 21:41:55', 'Pauletta', 'Hasty');
insert into article_comment (article_id, content, user_id, created_at, modified_at, created_by, modified_by) values (17, 'Ariana', 'jihoon', '2023-04-13 10:40:55', '2022-11-10 05:15:28', 'Sherye', 'Abbey');
insert into article_comment (article_id, content, user_id, created_at, modified_at, created_by, modified_by) values (85, 'Elmo', 'uno2', '2023-05-24 03:16:28', '2022-10-15 19:06:20', 'Kaspar', 'Michel');
insert into article_comment (article_id, content, user_id, created_at, modified_at, created_by, modified_by) values (51, 'Madalyn', 'jihoon', '2023-03-05 14:35:10', '2023-03-06 14:54:00', 'Loleta', 'Thom');
insert into article_comment (article_id, content, user_id, created_at, modified_at, created_by, modified_by) values (18, 'Ginevra', 'uno2', '2023-02-10 08:51:38', '2023-05-05 03:38:04', 'Pavel', 'Ulrikaumeko');
insert into article_comment (article_id, content, user_id, created_at, modified_at, created_by, modified_by) values (87, 'Jorge', 'jihoon', '2022-12-18 08:15:18', '2023-04-29 06:15:01', 'Daffie', 'Morgun');
insert into article_comment (article_id, content, user_id, created_at, modified_at, created_by, modified_by) values (10, 'Guinevere', 'uno2', '2023-03-12 14:38:28', '2022-12-28 12:20:21', 'Ki', 'Clarinda');
insert into article_comment (article_id, content, user_id, created_at, modified_at, created_by, modified_by) values (74, 'Tonya', 'uno2', '2023-03-11 22:10:39', '2022-08-14 15:40:45', 'Nadya', 'Helaine');
insert into article_comment (article_id, content, user_id, created_at, modified_at, created_by, modified_by) values (42, 'Gavrielle', 'uno2', '2023-05-10 14:47:03', '2023-05-27 12:42:35', 'Pru', 'Elsa');
insert into article_comment (article_id, content, user_id, created_at, modified_at, created_by, modified_by) values (28, 'Maude', 'jihoon', '2023-06-14 10:43:02', '2023-01-12 21:54:28', 'Eb', 'Rod');
insert into article_comment (article_id, content, user_id, created_at, modified_at, created_by, modified_by) values (40, 'Kary', 'jihoon', '2023-01-24 08:53:26', '2022-08-18 15:43:28', 'Marcille', 'Joyan');
insert into article_comment (article_id, content, user_id, created_at, modified_at, created_by, modified_by) values (77, 'Sebastian', 'jihoon', '2023-01-25 03:18:18', '2023-02-21 20:29:58', 'Reba', 'Clara');
insert into article_comment (article_id, content, user_id, created_at, modified_at, created_by, modified_by) values (39, 'Lucita', 'jihoon', '2023-04-29 23:29:35', '2022-12-11 05:47:00', 'Wilfrid', 'Randi');
insert into article_comment (article_id, content, user_id, created_at, modified_at, created_by, modified_by) values (63, 'Rossie', 'uno2', '2022-12-12 14:06:47', '2023-06-07 04:13:10', 'Zora', 'Cybill');
insert into article_comment (article_id, content, user_id, created_at, modified_at, created_by, modified_by) values (62, 'Byron', 'uno2', '2022-07-18 11:52:37', '2022-12-05 20:27:26', 'Lezlie', 'Mellisent');
insert into article_comment (article_id, content, user_id, created_at, modified_at, created_by, modified_by) values (92, 'Colas', 'uno2', '2022-08-04 03:46:51', '2023-04-24 22:04:46', 'Filip', 'Thatch');
insert into article_comment (article_id, content, user_id, created_at, modified_at, created_by, modified_by) values (17, 'Laurel', 'jihoon', '2022-09-18 12:04:14', '2023-03-22 17:18:13', 'Kinna', 'Holt');
insert into article_comment (article_id, content, user_id, created_at, modified_at, created_by, modified_by) values (11, 'Terrence', 'uno2', '2022-08-11 05:15:38', '2022-10-23 16:27:44', 'Nadeen', 'Che');
insert into article_comment (article_id, content, user_id, created_at, modified_at, created_by, modified_by) values (48, 'Wilden', 'jihoon', '2022-08-28 07:01:28', '2022-10-13 11:44:58', 'Ferne', 'Austen');
insert into article_comment (article_id, content, user_id, created_at, modified_at, created_by, modified_by) values (68, 'Emmerich', 'jihoon', '2022-11-30 21:27:19', '2023-05-01 21:09:20', 'Neill', 'Hugibert');
insert into article_comment (article_id, content, user_id, created_at, modified_at, created_by, modified_by) values (83, 'Trixy', 'jihoon', '2022-10-13 23:04:09', '2023-01-24 13:29:30', 'Ethyl', 'Rosanna');
insert into article_comment (article_id, content, user_id, created_at, modified_at, created_by, modified_by) values (2, 'Hermine', 'uno2', '2022-10-31 21:50:11', '2023-04-20 02:21:55', 'Ann-marie', 'Genny');
insert into article_comment (article_id, content, user_id, created_at, modified_at, created_by, modified_by) values (66, 'Karl', 'jihoon', '2023-06-24 06:33:10', '2022-11-24 20:09:25', 'Tiffanie', 'Clemente');
insert into article_comment (article_id, content, user_id, created_at, modified_at, created_by, modified_by) values (1, 'Rachele', 'jihoon', '2023-03-30 03:08:20', '2022-12-18 06:40:35', 'Anatol', 'Clayson');
insert into article_comment (article_id, content, user_id, created_at, modified_at, created_by, modified_by) values (16, 'Kip', 'uno2', '2023-03-08 12:58:52', '2022-11-02 01:57:47', 'Lenard', 'Jacky');
insert into article_comment (article_id, content, user_id, created_at, modified_at, created_by, modified_by) values (32, 'Bartlett', 'jihoon', '2022-07-02 20:11:34', '2022-08-29 23:09:13', 'Daria', 'Lauren');
insert into article_comment (article_id, content, user_id, created_at, modified_at, created_by, modified_by) values (76, 'Klarika', 'jihoon', '2023-06-23 05:12:19', '2022-08-03 14:43:54', 'Eda', 'Britni');
insert into article_comment (article_id, content, user_id, created_at, modified_at, created_by, modified_by) values (1, 'Lanny', 'jihoon', '2023-04-28 02:39:02', '2023-06-14 19:51:39', 'Benedicta', 'Jaclin');
insert into article_comment (article_id, content, user_id, created_at, modified_at, created_by, modified_by) values (58, 'Avery', 'jihoon', '2023-06-18 23:57:35', '2023-05-12 08:40:39', 'Gabi', 'Coraline');
insert into article_comment (article_id, content, user_id, created_at, modified_at, created_by, modified_by) values (10, 'Abbott', 'uno2', '2022-09-28 09:21:04', '2022-11-05 20:38:34', 'Blondy', 'Peyton');
insert into article_comment (article_id, content, user_id, created_at, modified_at, created_by, modified_by) values (54, 'Merill', 'uno2', '2022-07-08 04:40:52', '2022-07-21 01:11:02', 'Brody', 'Evelin');
insert into article_comment (article_id, content, user_id, created_at, modified_at, created_by, modified_by) values (70, 'Les', 'uno2', '2023-01-09 14:20:02', '2023-02-03 09:25:54', 'Janela', 'Mareah');
insert into article_comment (article_id, content, user_id, created_at, modified_at, created_by, modified_by) values (30, 'Meggie', 'uno2', '2022-11-10 01:08:16', '2023-05-22 14:37:39', 'Ximenez', 'Catharine');
insert into article_comment (article_id, content, user_id, created_at, modified_at, created_by, modified_by) values (53, 'Felicity', 'uno2', '2022-12-20 03:03:59', '2023-06-02 19:42:09', 'Franklin', 'Ezri');
insert into article_comment (article_id, content, user_id, created_at, modified_at, created_by, modified_by) values (34, 'Heindrick', 'jihoon', '2023-05-17 11:12:58', '2023-02-21 05:37:53', 'Sammie', 'Lotte');
insert into article_comment (article_id, content, user_id, created_at, modified_at, created_by, modified_by) values (52, 'Marillin', 'uno2', '2022-08-10 01:43:56', '2022-10-10 16:09:05', 'Cory', 'Kendra');
insert into article_comment (article_id, content, user_id, created_at, modified_at, created_by, modified_by) values (81, 'Jackson', 'uno2', '2023-06-08 16:42:12', '2022-10-28 21:09:10', 'Lynnell', 'Gabbi');
insert into article_comment (article_id, content, user_id, created_at, modified_at, created_by, modified_by) values (98, 'Emanuele', 'jihoon', '2023-03-11 06:53:01', '2022-08-02 05:12:51', 'Forbes', 'Theadora');
insert into article_comment (article_id, content, user_id, created_at, modified_at, created_by, modified_by) values (51, 'Hilliard', 'uno2', '2022-09-27 04:37:19', '2023-04-21 17:18:10', 'Stacee', 'Eugine');
insert into article_comment (article_id, content, user_id, created_at, modified_at, created_by, modified_by) values (2, 'Gradey', 'jihoon', '2022-12-11 20:35:27', '2022-11-10 09:01:13', 'Brina', 'Janette');
insert into article_comment (article_id, content, user_id, created_at, modified_at, created_by, modified_by) values (74, 'Ofelia', 'uno2', '2023-02-13 12:29:19', '2023-02-05 04:13:32', 'Scarface', 'Noe');
insert into article_comment (article_id, content, user_id, created_at, modified_at, created_by, modified_by) values (31, 'Ernestine', 'jihoon', '2022-10-12 12:12:08', '2022-07-19 18:13:14', 'Anne', 'Krispin');
insert into article_comment (article_id, content, user_id, created_at, modified_at, created_by, modified_by) values (25, 'Bat', 'jihoon', '2022-07-17 14:56:52', '2023-04-20 10:38:24', 'Arvie', 'Chevy');
insert into article_comment (article_id, content, user_id, created_at, modified_at, created_by, modified_by) values (54, 'Demetri', 'uno2', '2022-08-17 17:16:02', '2023-04-09 11:52:24', 'Salomone', 'Myrna');
insert into article_comment (article_id, content, user_id, created_at, modified_at, created_by, modified_by) values (61, 'Antons', 'jihoon', '2022-09-01 22:29:50', '2022-09-10 14:22:16', 'Rodney', 'Donnell');
insert into article_comment (article_id, content, user_id, created_at, modified_at, created_by, modified_by) values (28, 'Garret', 'jihoon', '2023-01-17 15:07:22', '2022-09-08 04:39:59', 'Olga', 'Karlotte');
insert into article_comment (article_id, content, user_id, created_at, modified_at, created_by, modified_by) values (91, 'Hildagard', 'uno2', '2022-08-28 08:51:19', '2022-08-02 22:50:20', 'Kerstin', 'Wallis');
insert into article_comment (article_id, content, user_id, created_at, modified_at, created_by, modified_by) values (12, 'Lester', 'uno2', '2022-09-27 12:49:19', '2023-02-06 08:26:45', 'Jo-ann', 'Kariotta');
insert into article_comment (article_id, content, user_id, created_at, modified_at, created_by, modified_by) values (100, 'Cos', 'uno2', '2023-02-26 19:30:25', '2022-12-28 11:01:58', 'Sephira', 'Serena');
insert into article_comment (article_id, content, user_id, created_at, modified_at, created_by, modified_by) values (22, 'Devin', 'jihoon', '2022-10-24 03:41:27', '2023-02-04 09:45:15', 'Murry', 'Danette');
insert into article_comment (article_id, content, user_id, created_at, modified_at, created_by, modified_by) values (100, 'Georgena', 'jihoon', '2023-06-13 14:53:15', '2023-04-04 16:22:36', 'Avery', 'Sharona');
insert into article_comment (article_id, content, user_id, created_at, modified_at, created_by, modified_by) values (75, 'Hyatt', 'jihoon', '2022-08-16 18:18:05', '2023-04-01 10:30:55', 'Gordan', 'Codee');
insert into article_comment (article_id, content, user_id, created_at, modified_at, created_by, modified_by) values (85, 'Darsie', 'uno2', '2023-04-04 17:18:28', '2022-11-07 21:19:17', 'Kelcie', 'Si');
insert into article_comment (article_id, content, user_id, created_at, modified_at, created_by, modified_by) values (58, 'Julie', 'jihoon', '2022-08-07 10:07:28', '2023-03-10 08:18:05', 'Beaufort', 'Blinny');
insert into article_comment (article_id, content, user_id, created_at, modified_at, created_by, modified_by) values (82, 'Constantin', 'jihoon', '2022-08-24 18:42:25', '2022-11-01 17:47:14', 'Yurik', 'Reynold');
insert into article_comment (article_id, content, user_id, created_at, modified_at, created_by, modified_by) values (18, 'Amii', 'uno2', '2023-05-14 04:23:37', '2023-01-13 08:14:45', 'Duncan', 'Corissa');
insert into article_comment (article_id, content, user_id, created_at, modified_at, created_by, modified_by) values (65, 'Talya', 'jihoon', '2023-01-20 01:44:05', '2022-08-12 10:15:21', 'Sherlocke', 'Patsy');
insert into article_comment (article_id, content, user_id, created_at, modified_at, created_by, modified_by) values (76, 'Lutero', 'uno2', '2023-04-07 20:54:59', '2022-08-26 00:20:05', 'Georgianne', 'Ilysa');
insert into article_comment (article_id, content, user_id, created_at, modified_at, created_by, modified_by) values (48, 'Carmen', 'jihoon', '2022-08-03 08:07:44', '2022-12-13 04:20:37', 'Mimi', 'Judas');
insert into article_comment (article_id, content, user_id, created_at, modified_at, created_by, modified_by) values (45, 'Lucinda', 'uno2', '2022-12-02 04:50:03', '2023-04-01 09:18:27', 'Wynn', 'Tedman');
insert into article_comment (article_id, content, user_id, created_at, modified_at, created_by, modified_by) values (26, 'Fanechka', 'jihoon', '2022-07-21 13:38:31', '2022-08-27 22:31:36', 'Raymond', 'Dominga');
insert into article_comment (article_id, content, user_id, created_at, modified_at, created_by, modified_by) values (75, 'Pietro', 'jihoon', '2023-03-18 06:20:39', '2023-03-09 19:12:35', 'Kanya', 'Cora');
insert into article_comment (article_id, content, user_id, created_at, modified_at, created_by, modified_by) values (37, 'Meta', 'uno2', '2022-11-14 09:44:12', '2022-08-11 10:29:29', 'Thomasina', 'Celka');
insert into article_comment (article_id, content, user_id, created_at, modified_at, created_by, modified_by) values (6, 'Dexter', 'jihoon', '2022-09-24 07:40:55', '2022-08-31 22:02:14', 'Ryan', 'Gretna');
insert into article_comment (article_id, content, user_id, created_at, modified_at, created_by, modified_by) values (19, 'Randene', 'uno2', '2022-09-14 17:59:33', '2023-01-02 19:53:53', 'Jackqueline', 'Demetra');


